-- MySQL dump 10.13  Distrib 8.0.19, for Win64 (x86_64)
--
-- Host: localhost    Database: tts_serverdb
-- ------------------------------------------------------
-- Server version	8.0.19

/*!40101 SET @OLD_CHARACTER_SET_CLIENT=@@CHARACTER_SET_CLIENT */;
/*!40101 SET @OLD_CHARACTER_SET_RESULTS=@@CHARACTER_SET_RESULTS */;
/*!40101 SET @OLD_COLLATION_CONNECTION=@@COLLATION_CONNECTION */;
/*!50503 SET NAMES utf8 */;
/*!40103 SET @OLD_TIME_ZONE=@@TIME_ZONE */;
/*!40103 SET TIME_ZONE='+00:00' */;
/*!40014 SET @OLD_UNIQUE_CHECKS=@@UNIQUE_CHECKS, UNIQUE_CHECKS=0 */;
/*!40014 SET @OLD_FOREIGN_KEY_CHECKS=@@FOREIGN_KEY_CHECKS, FOREIGN_KEY_CHECKS=0 */;
/*!40101 SET @OLD_SQL_MODE=@@SQL_MODE, SQL_MODE='NO_AUTO_VALUE_ON_ZERO' */;
/*!40111 SET @OLD_SQL_NOTES=@@SQL_NOTES, SQL_NOTES=0 */;

--
-- Table structure for table `alluser`
--

DROP TABLE IF EXISTS `alluser`;
/*!40101 SET @saved_cs_client     = @@character_set_client */;
/*!50503 SET character_set_client = utf8mb4 */;
CREATE TABLE `alluser` (
  `userid` varchar(45) NOT NULL,
  `password` varchar(100) NOT NULL,
  `accounttype` int NOT NULL,
  `phone` varchar(20) NOT NULL,
  `username` varchar(40) NOT NULL,
  `balance` float NOT NULL DEFAULT '0',
  PRIMARY KEY (`userid`)
) ENGINE=InnoDB DEFAULT CHARSET=utf8mb4 COLLATE=utf8mb4_0900_ai_ci;
/*!40101 SET character_set_client = @saved_cs_client */;

--
-- Dumping data for table `alluser`
--

LOCK TABLES `alluser` WRITE;
/*!40000 ALTER TABLE `alluser` DISABLE KEYS */;
INSERT INTO `alluser` VALUES ('admin','8C6976E5B5410415BDE908BD4DEE15DFB167A9C873FC4BB8A81F6F2AB448A918',2,'未指定','admin',0),('admin2','1C142B2D01AA34E9A36BDE480645A57FD69E14155DACFAB5A3F9257B77FDC8D8',2,'未指定','admin2',0),('admin3','4FC2B5673A201AD9B1FC03DCB346E1BAAD44351DAA0503D5534B4DFDCC4332E0',2,'未指定','admin3',0),('admin4','110198831A426807BCCD9DBDF54B6DCB5298BC5D31AC49069E0BA3D210D970AE',2,'未指定','admin4',0),('admin5','69B5406538C5C09580CECC0C7BAFBF3F960267FFA7478E89D8352DA814529CB7',2,'未指定','admin5',0),('user','04F8996DA763B7A969B1028EE3007569EAF3A635486DDAB211D512C85B9DF8FB',1,'15801000000','Night_Wso',100),('user10','5BBF1A9E0DE062225A1BB7DF8D8B3719591527B74950810F16B1A6BC6D7BD29B',1,'15810000000','Rozcold',0),('user11','81115E31E22A5801B197750EC12D7A51AD693AA017ECC8BCA033CBD500A928B6',1,'15811000000','Ligic',3),('user12','BD35283FE8FCFD77D7C05A8BF2ADB85C773281927E12C9829C72A9462092F7C4',1,'15812000000','Linus',0),('user2','6025D18FE48ABD45168528F18A82E265DD98D421A7084AA09F61B341703901A3',1,'15802000000','BPM136',0),('user3','5860FAF02B6BC6222BA5ACA523560F0E364CCD8B67BEE486FE8BF7C01D492CCB',1,'15803000000','huanghaicheng1024',0),('user4','5269EF980DE47819BA3D14340F4665262C41E933DC92C1A27DD5D01B047AC80E',1,'15804000000','NightWso',0),('user5','5A39BEAD318F306939ACB1D016647BE2E38C6501C58367FDB3E9F52542AA2442',1,'15805000000','BPM233',0),('user6','ECB48A1CC94F951252EC462FE9ECC55C3EF123FADFE935661396C26A45A5809D',1,'15806000000','hhc2048',0),('user7','3268151E52D97B4CACF97F5B46A5C76C8416E928E137E3B3DC447696A29AFBAA',1,'15807000000','Night1611',0),('user8','F60AFA4989A7DB13314A2AB9881372634B5402C30BA7257448B13FA388DE1B78',1,'15808000000','BPM256',0),('user9','0FB8D3C5DFAF81A387BF0BA439AB40E6343D2155FB4DDF6978A52D9B9EA8D0F8',1,'15809000000','huanghaicheng2048',0);
/*!40000 ALTER TABLE `alluser` ENABLE KEYS */;
UNLOCK TABLES;

--
-- Table structure for table `line`
--

DROP TABLE IF EXISTS `line`;
/*!40101 SET @saved_cs_client     = @@character_set_client */;
/*!50503 SET character_set_client = utf8mb4 */;
CREATE TABLE `line` (
  `lineid` int NOT NULL,
  `linename` varchar(30) NOT NULL,
  PRIMARY KEY (`lineid`)
) ENGINE=InnoDB DEFAULT CHARSET=utf8mb4 COLLATE=utf8mb4_0900_ai_ci;
/*!40101 SET character_set_client = @saved_cs_client */;

--
-- Dumping data for table `line`
--

LOCK TABLES `line` WRITE;
/*!40000 ALTER TABLE `line` DISABLE KEYS */;
INSERT INTO `line` VALUES (1,'1号线'),(2,'2号线'),(3,'3号线'),(4,'4号线'),(5,'5号线'),(6,'6号线'),(7,'7号线'),(8,'8号线'),(9,'三北线');
/*!40000 ALTER TABLE `line` ENABLE KEYS */;
UNLOCK TABLES;

--
-- Temporary view structure for view `remainticket`
--

DROP TABLE IF EXISTS `remainticket`;
/*!50001 DROP VIEW IF EXISTS `remainticket`*/;
SET @saved_cs_client     = @@character_set_client;
/*!50503 SET character_set_client = utf8mb4 */;
/*!50001 CREATE VIEW `remainticket` AS SELECT 
 1 AS `trainid`,
 1 AS `enterstationid`,
 1 AS `leavestationid`,
 1 AS `remainticket`*/;
SET character_set_client = @saved_cs_client;

--
-- Table structure for table `station`
--

DROP TABLE IF EXISTS `station`;
/*!40101 SET @saved_cs_client     = @@character_set_client */;
/*!50503 SET character_set_client = utf8mb4 */;
CREATE TABLE `station` (
  `stationid` int NOT NULL,
  `stationname` varchar(30) NOT NULL,
  PRIMARY KEY (`stationid`)
) ENGINE=InnoDB DEFAULT CHARSET=utf8mb4 COLLATE=utf8mb4_0900_ai_ci;
/*!40101 SET character_set_client = @saved_cs_client */;

--
-- Dumping data for table `station`
--

LOCK TABLES `station` WRITE;
/*!40000 ALTER TABLE `station` DISABLE KEYS */;
INSERT INTO `station` VALUES (101,'西塱'),(102,'坑口'),(103,'花地湾'),(104,'芳村'),(105,'黄沙'),(106,'长寿路'),(107,'陈家祠'),(108,'西门口'),(109,'公园前'),(110,'农讲所'),(111,'烈士陵园'),(112,'东山口'),(113,'杨箕'),(114,'体育西路'),(115,'体育中心'),(116,'广州东站'),(201,'广州南站'),(202,'石壁'),(203,'会江'),(204,'南浦'),(205,'洛溪'),(206,'南洲'),(207,'东晓南'),(208,'江泰路'),(209,'昌岗'),(210,'江南西'),(211,'市二宫'),(212,'海珠广场'),(214,'纪念堂'),(215,'越秀公园'),(216,'广州火车站'),(217,'三元里'),(218,'飞翔公园'),(219,'白云公园'),(220,'白云文化广场'),(221,'萧岗'),(222,'江夏'),(223,'黄边'),(224,'嘉禾望岗'),(301,'番禺广场'),(302,'市桥'),(303,'汉溪长隆'),(304,'大石'),(305,'厦滘'),(306,'沥滘'),(307,'大塘'),(308,'客村'),(309,'广州塔'),(310,'珠江新城'),(312,'石牌桥'),(313,'岗顶'),(314,'华师'),(315,'五山'),(316,'天河客运站'),(317,'林和西'),(319,'燕塘'),(320,'梅花园'),(321,'京溪南方医院'),(322,'同和'),(323,'永泰'),(324,'白云大道北'),(326,'龙归'),(327,'人和'),(328,'高增'),(329,'机场南'),(330,'机场北'),(401,'南沙客运港'),(402,'南横'),(403,'塘坑'),(404,'大涌'),(405,'广隆'),(406,'飞沙角'),(407,'金洲'),(408,'蕉门'),(409,'黄阁'),(410,'黄阁汽车城'),(411,'庆盛'),(412,'东涌'),(413,'低涌'),(414,'海傍'),(415,'石碁'),(416,'官桥'),(417,'新造'),(418,'大学城南'),(419,'大学城北'),(420,'官洲'),(421,'万胜围'),(422,'车陂南'),(423,'车陂'),(424,'黄村'),(501,'滘口'),(502,'坦尾'),(503,'中山八'),(504,'西场'),(505,'西村'),(507,'小北'),(508,'淘金'),(509,'区庄'),(510,'动物园'),(512,'五羊邨'),(514,'猎德'),(515,'潭村'),(516,'员村'),(517,'科韵路'),(519,'东圃'),(520,'三溪'),(521,'鱼珠'),(522,'大沙地'),(523,'大沙东'),(524,'文冲'),(601,'浔峰岗'),(602,'横沙'),(603,'沙贝'),(604,'河沙'),(606,'如意坊'),(608,'文化公园'),(609,'一德路'),(611,'北京路'),(612,'团一大广场'),(613,'东湖'),(616,'黄花岗'),(617,'沙河顶'),(618,'沙河'),(619,'天平架'),(622,'长湴'),(623,'植物园'),(624,'龙洞'),(625,'柯木塱'),(626,'高塘石'),(627,'黄陂'),(628,'金峰'),(629,'暹岗'),(630,'苏元'),(631,'萝岗'),(632,'香雪'),(703,'谢村'),(704,'钟村'),(706,'南村万博'),(707,'员岗'),(708,'板桥'),(815,'同福西'),(816,'凤凰新村'),(817,'沙园'),(818,'宝岗大道'),(820,'晓港'),(821,'中大'),(822,'鹭江'),(824,'赤岗'),(825,'磨碟沙'),(826,'新港东'),(827,'琶洲');
/*!40000 ALTER TABLE `station` ENABLE KEYS */;
UNLOCK TABLES;

--
-- Table structure for table `stationline`
--

DROP TABLE IF EXISTS `stationline`;
/*!40101 SET @saved_cs_client     = @@character_set_client */;
/*!50503 SET character_set_client = utf8mb4 */;
CREATE TABLE `stationline` (
  `stationid` int NOT NULL,
  `lineid` int NOT NULL,
  `stationorder` int NOT NULL,
  PRIMARY KEY (`stationid`,`lineid`),
  KEY `fk_stationline_line_idx` (`lineid`),
  CONSTRAINT `fk_stationline_line` FOREIGN KEY (`lineid`) REFERENCES `line` (`lineid`),
  CONSTRAINT `fk_stationline_station` FOREIGN KEY (`stationid`) REFERENCES `station` (`stationid`) ON DELETE CASCADE ON UPDATE CASCADE
) ENGINE=InnoDB DEFAULT CHARSET=utf8mb4 COLLATE=utf8mb4_0900_ai_ci;
/*!40101 SET character_set_client = @saved_cs_client */;

--
-- Dumping data for table `stationline`
--

LOCK TABLES `stationline` WRITE;
/*!40000 ALTER TABLE `stationline` DISABLE KEYS */;
INSERT INTO `stationline` VALUES (101,1,1),(102,1,2),(103,1,3),(104,1,4),(105,1,5),(105,6,7),(106,1,6),(107,1,7),(108,1,8),(109,1,9),(109,2,13),(110,1,10),(111,1,11),(112,1,12),(112,6,14),(113,1,13),(113,5,11),(114,1,14),(114,3,11),(114,9,1),(115,1,15),(116,1,16),(116,9,3),(201,2,1),(201,7,1),(202,2,2),(202,7,2),(203,2,3),(204,2,4),(205,2,5),(206,2,6),(207,2,7),(208,2,8),(209,2,9),(209,8,6),(210,2,10),(211,2,11),(212,2,12),(212,6,10),(214,2,14),(215,2,15),(216,2,16),(216,5,6),(217,2,17),(218,2,18),(219,2,19),(220,2,20),(221,2,21),(222,2,22),(223,2,23),(224,2,24),(224,9,10),(301,3,1),(302,3,2),(303,3,3),(303,7,5),(304,3,4),(305,3,5),(306,3,6),(307,3,7),(308,3,8),(308,8,10),(309,3,9),(310,3,10),(310,5,13),(312,3,12),(313,3,13),(314,3,14),(315,3,15),(316,3,16),(316,6,21),(317,9,2),(319,6,20),(319,9,4),(320,9,5),(321,9,6),(322,9,7),(323,9,8),(324,9,9),(326,9,11),(327,9,12),(328,9,13),(329,9,14),(330,9,15),(401,4,1),(402,4,2),(403,4,3),(404,4,4),(405,4,5),(406,4,6),(407,4,7),(408,4,8),(409,4,9),(410,4,10),(411,4,11),(412,4,12),(413,4,13),(414,4,14),(415,4,15),(416,4,16),(417,4,17),(418,4,18),(418,7,9),(419,4,19),(420,4,20),(421,4,21),(421,8,15),(422,4,22),(422,5,18),(423,4,23),(424,4,24),(501,5,1),(502,5,2),(502,6,5),(503,5,3),(504,5,4),(505,5,5),(507,5,7),(508,5,8),(509,5,9),(509,6,15),(510,5,10),(512,5,12),(514,5,14),(515,5,15),(516,5,16),(517,5,17),(519,5,19),(520,5,20),(521,5,21),(522,5,22),(523,5,23),(524,5,24),(601,6,1),(602,6,2),(603,6,3),(604,6,4),(606,6,6),(608,6,8),(608,8,1),(609,6,8),(611,6,11),(612,6,12),(613,6,13),(616,6,16),(617,6,17),(618,6,18),(619,6,19),(622,6,22),(623,6,23),(624,6,24),(625,6,25),(626,6,26),(627,6,27),(628,6,28),(629,6,29),(630,6,30),(631,6,31),(632,6,32),(703,7,3),(704,7,4),(706,7,6),(707,7,7),(708,7,8),(815,8,2),(816,8,3),(817,8,4),(818,8,5),(820,8,7),(821,8,8),(822,8,9),(824,8,11),(825,8,12),(826,8,13),(827,8,14);
/*!40000 ALTER TABLE `stationline` ENABLE KEYS */;
UNLOCK TABLES;

--
-- Table structure for table `ticket`
--

DROP TABLE IF EXISTS `ticket`;
/*!40101 SET @saved_cs_client     = @@character_set_client */;
/*!50503 SET character_set_client = utf8mb4 */;
CREATE TABLE `ticket` (
  `ticketid` int NOT NULL AUTO_INCREMENT,
  `enterstationid` int NOT NULL,
  `enterstationname` varchar(30) NOT NULL,
  `leavestationid` int NOT NULL,
  `leavestationname` varchar(30) NOT NULL,
  `enterstationtime` datetime NOT NULL,
  `leavestationtime` datetime NOT NULL,
  `linename` varchar(30) NOT NULL,
  `lineid` int NOT NULL,
  `trainid` int NOT NULL,
  `userid` varchar(45) NOT NULL,
  `buytime` datetime NOT NULL,
  `ticketprice` float NOT NULL,
  `state` int NOT NULL DEFAULT '1',
  PRIMARY KEY (`ticketid`),
  KEY `fk_enterstationid_station_idx` (`enterstationid`),
  KEY `fk_leavesstationid_station_idx` (`leavestationid`),
  KEY `fk_lineid_station_idx` (`lineid`),
  KEY `fk_trainid_station_idx` (`trainid`),
  KEY `fk_userid_station_idx` (`userid`),
  CONSTRAINT `fk_enterstationid_station` FOREIGN KEY (`enterstationid`) REFERENCES `station` (`stationid`) ON DELETE CASCADE ON UPDATE CASCADE,
  CONSTRAINT `fk_leavesstationid_station` FOREIGN KEY (`leavestationid`) REFERENCES `station` (`stationid`) ON DELETE CASCADE ON UPDATE CASCADE,
  CONSTRAINT `fk_lineid_station` FOREIGN KEY (`lineid`) REFERENCES `line` (`lineid`) ON DELETE CASCADE ON UPDATE CASCADE,
  CONSTRAINT `fk_trainid_station` FOREIGN KEY (`trainid`) REFERENCES `train` (`trainid`) ON DELETE CASCADE ON UPDATE CASCADE,
  CONSTRAINT `fk_userid_station` FOREIGN KEY (`userid`) REFERENCES `alluser` (`userid`) ON DELETE CASCADE ON UPDATE CASCADE
) ENGINE=InnoDB AUTO_INCREMENT=8 DEFAULT CHARSET=utf8mb4 COLLATE=utf8mb4_0900_ai_ci;
/*!40101 SET character_set_client = @saved_cs_client */;

--
-- Dumping data for table `ticket`
--

LOCK TABLES `ticket` WRITE;
/*!40000 ALTER TABLE `ticket` DISABLE KEYS */;
INSERT INTO `ticket` VALUES (7,308,'客村',421,'万胜围','2020-09-01 09:35:00','2020-09-01 11:10:00','8号线',8,8001,'user11','2020-08-23 22:20:00',3,3);
/*!40000 ALTER TABLE `ticket` ENABLE KEYS */;
UNLOCK TABLES;
/*!50003 SET @saved_cs_client      = @@character_set_client */ ;
/*!50003 SET @saved_cs_results     = @@character_set_results */ ;
/*!50003 SET @saved_col_connection = @@collation_connection */ ;
/*!50003 SET character_set_client  = utf8mb4 */ ;
/*!50003 SET character_set_results = utf8mb4 */ ;
/*!50003 SET collation_connection  = utf8mb4_0900_ai_ci */ ;
/*!50003 SET @saved_sql_mode       = @@sql_mode */ ;
/*!50003 SET sql_mode              = 'ONLY_FULL_GROUP_BY,STRICT_TRANS_TABLES,NO_ZERO_IN_DATE,NO_ZERO_DATE,ERROR_FOR_DIVISION_BY_ZERO,NO_ENGINE_SUBSTITUTION' */ ;
DELIMITER ;;
/*!50003 CREATE*/ /*!50017 DEFINER=`root`@`localhost`*/ /*!50003 TRIGGER `ticket_AFTER_INSERT` AFTER INSERT ON `ticket` FOR EACH ROW BEGIN
	update trainstation
	set trainstation.remainseat = trainstation.remainseat-1
    WHERE trainstation.trainid=new.trainid AND
    trainstation.leavetime>= new.enterstationtime AND
    trainstation.arrivetime< new.leavestationtime;
END */;;
DELIMITER ;
/*!50003 SET sql_mode              = @saved_sql_mode */ ;
/*!50003 SET character_set_client  = @saved_cs_client */ ;
/*!50003 SET character_set_results = @saved_cs_results */ ;
/*!50003 SET collation_connection  = @saved_col_connection */ ;
/*!50003 SET @saved_cs_client      = @@character_set_client */ ;
/*!50003 SET @saved_cs_results     = @@character_set_results */ ;
/*!50003 SET @saved_col_connection = @@collation_connection */ ;
/*!50003 SET character_set_client  = utf8mb4 */ ;
/*!50003 SET character_set_results = utf8mb4 */ ;
/*!50003 SET collation_connection  = utf8mb4_0900_ai_ci */ ;
/*!50003 SET @saved_sql_mode       = @@sql_mode */ ;
/*!50003 SET sql_mode              = 'ONLY_FULL_GROUP_BY,STRICT_TRANS_TABLES,NO_ZERO_IN_DATE,NO_ZERO_DATE,ERROR_FOR_DIVISION_BY_ZERO,NO_ENGINE_SUBSTITUTION' */ ;
DELIMITER ;;
/*!50003 CREATE*/ /*!50017 DEFINER=`root`@`localhost`*/ /*!50003 TRIGGER `ticket_AFTER_UPDATE` AFTER UPDATE ON `ticket` FOR EACH ROW BEGIN
	if(new.state=3)
    then 
    update trainstation
	set trainstation.remainseat = trainstation.remainseat+1
    WHERE trainstation.trainid=new.trainid AND
    trainstation.leavetime>= new.enterstationtime AND
    trainstation.arrivetime< new.leavestationtime;
	update alluser
	set balance = balance+new.ticketprice
    where userid = new.userid;
    end if;
END */;;
DELIMITER ;
/*!50003 SET sql_mode              = @saved_sql_mode */ ;
/*!50003 SET character_set_client  = @saved_cs_client */ ;
/*!50003 SET character_set_results = @saved_cs_results */ ;
/*!50003 SET collation_connection  = @saved_col_connection */ ;

--
-- Table structure for table `ticketprice`
--

DROP TABLE IF EXISTS `ticketprice`;
/*!40101 SET @saved_cs_client     = @@character_set_client */;
/*!50503 SET character_set_client = utf8mb4 */;
CREATE TABLE `ticketprice` (
  `enterstationid` int NOT NULL,
  `leavestationid` int NOT NULL,
  `lineid` int NOT NULL,
  `ticketprice` float NOT NULL,
  PRIMARY KEY (`enterstationid`,`leavestationid`,`lineid`),
  KEY `fk_ticketprice_leavesstationid_station_idx` (`leavestationid`),
  KEY `fk_ticketprice_lineid_line_idx` (`lineid`),
  CONSTRAINT `fk_ticketprice_enterstationid_station` FOREIGN KEY (`enterstationid`) REFERENCES `station` (`stationid`) ON DELETE CASCADE ON UPDATE CASCADE,
  CONSTRAINT `fk_ticketprice_leavesstationid_station` FOREIGN KEY (`leavestationid`) REFERENCES `station` (`stationid`) ON DELETE CASCADE ON UPDATE CASCADE,
  CONSTRAINT `fk_ticketprice_lineid_line` FOREIGN KEY (`lineid`) REFERENCES `line` (`lineid`) ON DELETE CASCADE ON UPDATE CASCADE
) ENGINE=InnoDB DEFAULT CHARSET=utf8mb4 COLLATE=utf8mb4_0900_ai_ci;
/*!40101 SET character_set_client = @saved_cs_client */;

--
-- Dumping data for table `ticketprice`
--

LOCK TABLES `ticketprice` WRITE;
/*!40000 ALTER TABLE `ticketprice` DISABLE KEYS */;
INSERT INTO `ticketprice` VALUES (101,102,1,3),(101,103,1,3),(101,104,1,3),(101,105,1,3),(101,106,1,3),(101,107,1,4),(101,108,1,4),(101,109,1,4),(101,110,1,4),(101,111,1,4),(101,112,1,5),(101,113,1,5),(101,114,1,5),(101,115,1,5),(101,116,1,5),(102,101,1,3),(102,103,1,3),(102,104,1,3),(102,105,1,3),(102,106,1,3),(102,107,1,3),(102,108,1,4),(102,109,1,4),(102,110,1,4),(102,111,1,4),(102,112,1,4),(102,113,1,5),(102,114,1,5),(102,115,1,5),(102,116,1,5),(103,101,1,3),(103,102,1,3),(103,104,1,3),(103,105,1,3),(103,106,1,3),(103,107,1,3),(103,108,1,3),(103,109,1,4),(103,110,1,4),(103,111,1,4),(103,112,1,4),(103,113,1,4),(103,114,1,5),(103,115,1,5),(103,116,1,5),(104,101,1,3),(104,102,1,3),(104,103,1,3),(104,105,1,3),(104,106,1,3),(104,107,1,3),(104,108,1,3),(104,109,1,3),(104,110,1,4),(104,111,1,4),(104,112,1,4),(104,113,1,4),(104,114,1,4),(104,115,1,5),(104,116,1,5),(105,101,1,3),(105,102,1,3),(105,103,1,3),(105,104,1,3),(105,106,1,3),(105,107,1,3),(105,108,1,3),(105,109,1,3),(105,110,1,3),(105,111,1,4),(105,112,1,4),(105,112,6,4),(105,113,1,4),(105,114,1,4),(105,115,1,4),(105,116,1,5),(105,212,6,3),(105,316,6,5),(105,319,6,5),(105,502,6,3),(105,509,6,4),(105,601,6,4),(105,602,6,3),(105,603,6,3),(105,604,6,3),(105,606,6,3),(105,608,6,3),(105,609,6,3),(105,611,6,3),(105,612,6,3),(105,613,6,4),(105,616,6,4),(105,617,6,4),(105,618,6,5),(105,619,6,5),(105,622,6,5),(105,623,6,6),(105,624,6,6),(105,625,6,6),(105,626,6,6),(105,627,6,6),(105,628,6,6),(105,629,6,6),(105,630,6,6),(105,631,6,6),(105,632,6,6),(106,101,1,3),(106,102,1,3),(106,103,1,3),(106,104,1,3),(106,105,1,3),(106,107,1,3),(106,108,1,3),(106,109,1,3),(106,110,1,3),(106,111,1,3),(106,112,1,4),(106,113,1,4),(106,114,1,4),(106,115,1,4),(106,116,1,4),(107,101,1,4),(107,102,1,3),(107,103,1,3),(107,104,1,3),(107,105,1,3),(107,106,1,3),(107,108,1,3),(107,109,1,3),(107,110,1,3),(107,111,1,3),(107,112,1,3),(107,113,1,4),(107,114,1,4),(107,115,1,4),(107,116,1,4),(108,101,1,4),(108,102,1,4),(108,103,1,3),(108,104,1,3),(108,105,1,3),(108,106,1,3),(108,107,1,3),(108,109,1,3),(108,110,1,3),(108,111,1,3),(108,112,1,3),(108,113,1,3),(108,114,1,4),(108,115,1,4),(108,116,1,4),(109,101,1,4),(109,102,1,4),(109,103,1,4),(109,104,1,3),(109,105,1,3),(109,106,1,3),(109,107,1,3),(109,108,1,3),(109,110,1,3),(109,111,1,3),(109,112,1,3),(109,113,1,3),(109,114,1,3),(109,115,1,4),(109,116,1,4),(109,201,2,5),(109,202,2,5),(109,203,2,4),(109,204,2,4),(109,205,2,4),(109,206,2,4),(109,207,2,4),(109,208,2,3),(109,209,2,3),(109,210,2,3),(109,211,2,3),(109,212,2,3),(109,214,2,3),(109,215,2,3),(109,216,2,3),(109,217,2,3),(109,218,2,3),(109,219,2,4),(109,220,2,4),(109,221,2,4),(109,222,2,4),(109,223,2,4),(109,224,2,5),(110,101,1,4),(110,102,1,4),(110,103,1,4),(110,104,1,4),(110,105,1,3),(110,106,1,3),(110,107,1,3),(110,108,1,3),(110,109,1,3),(110,111,1,3),(110,112,1,3),(110,113,1,3),(110,114,1,3),(110,115,1,3),(110,116,1,4),(111,101,1,4),(111,102,1,4),(111,103,1,4),(111,104,1,4),(111,105,1,4),(111,106,1,3),(111,107,1,3),(111,108,1,3),(111,109,1,3),(111,110,1,3),(111,112,1,3),(111,113,1,3),(111,114,1,3),(111,115,1,3),(111,116,1,3),(112,101,1,5),(112,102,1,4),(112,103,1,4),(112,104,1,4),(112,105,1,4),(112,105,6,4),(112,106,1,4),(112,107,1,3),(112,108,1,3),(112,109,1,3),(112,110,1,3),(112,111,1,3),(112,113,1,3),(112,114,1,3),(112,115,1,3),(112,116,1,3),(112,212,6,3),(112,316,6,4),(112,319,6,4),(112,502,6,4),(112,509,6,3),(112,601,6,5),(112,602,6,5),(112,603,6,5),(112,604,6,4),(112,606,6,4),(112,608,6,4),(112,609,6,4),(112,611,6,3),(112,612,6,3),(112,613,6,3),(112,616,6,3),(112,617,6,3),(112,618,6,3),(112,619,6,3),(112,622,6,4),(112,623,6,4),(112,624,6,4),(112,625,6,5),(112,626,6,5),(112,627,6,5),(112,628,6,5),(112,629,6,5),(112,630,6,6),(112,631,6,6),(112,632,6,6),(113,101,1,5),(113,102,1,5),(113,103,1,4),(113,104,1,4),(113,105,1,4),(113,106,1,4),(113,107,1,4),(113,108,1,3),(113,109,1,3),(113,110,1,3),(113,111,1,3),(113,112,1,3),(113,114,1,3),(113,115,1,3),(113,116,1,3),(113,216,5,3),(113,310,5,3),(113,422,5,4),(113,501,5,4),(113,502,5,4),(113,503,5,4),(113,504,5,4),(113,505,5,4),(113,507,5,3),(113,508,5,3),(113,509,5,3),(113,510,5,3),(113,512,5,3),(113,514,5,3),(113,515,5,3),(113,516,5,3),(113,517,5,4),(113,519,5,4),(113,520,5,4),(113,521,5,4),(113,522,5,5),(113,523,5,5),(113,524,5,5),(114,101,1,5),(114,102,1,5),(114,103,1,5),(114,104,1,4),(114,105,1,4),(114,106,1,4),(114,107,1,4),(114,108,1,4),(114,109,1,3),(114,110,1,3),(114,111,1,3),(114,112,1,3),(114,113,1,3),(114,115,1,3),(114,116,1,3),(114,116,9,3),(114,224,9,4),(114,301,3,4),(114,302,3,4),(114,303,3,4),(114,304,3,4),(114,305,3,4),(114,306,3,3),(114,307,3,3),(114,308,3,3),(114,309,3,3),(114,310,3,3),(114,312,3,3),(114,313,3,3),(114,314,3,3),(114,315,3,3),(114,316,3,3),(114,317,9,3),(114,319,9,3),(114,320,9,3),(114,321,9,3),(114,322,9,4),(114,323,9,4),(114,324,9,4),(114,326,9,4),(114,327,9,5),(114,328,9,5),(114,329,9,5),(114,330,9,5),(115,101,1,5),(115,102,1,5),(115,103,1,5),(115,104,1,5),(115,105,1,4),(115,106,1,4),(115,107,1,4),(115,108,1,4),(115,109,1,4),(115,110,1,3),(115,111,1,3),(115,112,1,3),(115,113,1,3),(115,114,1,3),(115,116,1,3),(116,101,1,5),(116,102,1,5),(116,103,1,5),(116,104,1,5),(116,105,1,5),(116,106,1,4),(116,107,1,4),(116,108,1,4),(116,109,1,4),(116,110,1,4),(116,111,1,3),(116,112,1,3),(116,113,1,3),(116,114,1,3),(116,114,9,3),(116,115,1,3),(116,224,9,4),(116,317,9,3),(116,319,9,3),(116,320,9,3),(116,321,9,3),(116,322,9,3),(116,323,9,3),(116,324,9,4),(116,326,9,4),(116,327,9,4),(116,328,9,4),(116,329,9,5),(116,330,9,5),(201,109,2,5),(201,202,2,3),(201,202,7,3),(201,203,2,3),(201,204,2,3),(201,205,2,3),(201,206,2,3),(201,207,2,4),(201,208,2,4),(201,209,2,4),(201,210,2,4),(201,211,2,4),(201,212,2,5),(201,214,2,5),(201,215,2,5),(201,216,2,5),(201,217,2,6),(201,218,2,6),(201,219,2,6),(201,220,2,6),(201,221,2,6),(201,222,2,6),(201,223,2,6),(201,224,2,6),(201,303,7,3),(201,418,7,4),(201,703,7,3),(201,704,7,3),(201,706,7,3),(201,707,7,4),(201,708,7,4),(202,109,2,5),(202,201,2,3),(202,201,7,3),(202,203,2,3),(202,204,2,3),(202,205,2,3),(202,206,2,3),(202,207,2,3),(202,208,2,4),(202,209,2,4),(202,210,2,4),(202,211,2,4),(202,212,2,4),(202,214,2,5),(202,215,2,5),(202,216,2,5),(202,217,2,5),(202,218,2,6),(202,219,2,6),(202,220,2,6),(202,221,2,6),(202,222,2,6),(202,223,2,6),(202,224,2,6),(202,303,7,3),(202,418,7,4),(202,703,7,3),(202,704,7,3),(202,706,7,3),(202,707,7,3),(202,708,7,4),(203,109,2,4),(203,201,2,3),(203,202,2,3),(203,204,2,3),(203,205,2,3),(203,206,2,3),(203,207,2,3),(203,208,2,3),(203,209,2,4),(203,210,2,4),(203,211,2,4),(203,212,2,4),(203,214,2,5),(203,215,2,5),(203,216,2,5),(203,217,2,5),(203,218,2,5),(203,219,2,6),(203,220,2,6),(203,221,2,6),(203,222,2,6),(203,223,2,6),(203,224,2,6),(204,109,2,4),(204,201,2,3),(204,202,2,3),(204,203,2,3),(204,205,2,3),(204,206,2,3),(204,207,2,3),(204,208,2,3),(204,209,2,3),(204,210,2,4),(204,211,2,4),(204,212,2,4),(204,214,2,4),(204,215,2,5),(204,216,2,5),(204,217,2,5),(204,218,2,5),(204,219,2,5),(204,220,2,6),(204,221,2,6),(204,222,2,6),(204,223,2,6),(204,224,2,6),(205,109,2,4),(205,201,2,3),(205,202,2,3),(205,203,2,3),(205,204,2,3),(205,206,2,3),(205,207,2,3),(205,208,2,3),(205,209,2,3),(205,210,2,3),(205,211,2,4),(205,212,2,4),(205,214,2,4),(205,215,2,4),(205,216,2,5),(205,217,2,5),(205,218,2,5),(205,219,2,5),(205,220,2,5),(205,221,2,6),(205,222,2,6),(205,223,2,6),(205,224,2,6),(206,109,2,4),(206,201,2,3),(206,202,2,3),(206,203,2,3),(206,204,2,3),(206,205,2,3),(206,207,2,3),(206,208,2,3),(206,209,2,3),(206,210,2,3),(206,211,2,3),(206,212,2,4),(206,214,2,4),(206,215,2,4),(206,216,2,4),(206,217,2,5),(206,218,2,5),(206,219,2,5),(206,220,2,5),(206,221,2,5),(206,222,2,6),(206,223,2,6),(206,224,2,6),(207,109,2,4),(207,201,2,4),(207,202,2,3),(207,203,2,3),(207,204,2,3),(207,205,2,3),(207,206,2,3),(207,208,2,3),(207,209,2,3),(207,210,2,3),(207,211,2,3),(207,212,2,3),(207,214,2,4),(207,215,2,4),(207,216,2,4),(207,217,2,4),(207,218,2,5),(207,219,2,5),(207,220,2,5),(207,221,2,5),(207,222,2,5),(207,223,2,6),(207,224,2,6),(208,109,2,3),(208,201,2,4),(208,202,2,4),(208,203,2,3),(208,204,2,3),(208,205,2,3),(208,206,2,3),(208,207,2,3),(208,209,2,3),(208,210,2,3),(208,211,2,3),(208,212,2,3),(208,214,2,4),(208,215,2,4),(208,216,2,4),(208,217,2,4),(208,218,2,4),(208,219,2,5),(208,220,2,5),(208,221,2,5),(208,222,2,5),(208,223,2,5),(208,224,2,6),(209,109,2,3),(209,201,2,4),(209,202,2,4),(209,203,2,4),(209,204,2,3),(209,205,2,3),(209,206,2,3),(209,207,2,3),(209,208,2,3),(209,210,2,3),(209,211,2,3),(209,212,2,3),(209,214,2,3),(209,215,2,4),(209,216,2,4),(209,217,2,4),(209,218,2,4),(209,219,2,4),(209,220,2,5),(209,221,2,5),(209,222,2,5),(209,223,2,5),(209,224,2,5),(209,308,8,3),(209,421,8,4),(209,608,8,3),(209,815,8,3),(209,816,8,3),(209,817,8,3),(209,818,8,3),(209,820,8,3),(209,821,8,3),(209,822,8,3),(209,824,8,3),(209,825,8,4),(209,826,8,4),(209,827,8,4),(210,109,2,3),(210,201,2,4),(210,202,2,4),(210,203,2,4),(210,204,2,4),(210,205,2,3),(210,206,2,3),(210,207,2,3),(210,208,2,3),(210,209,2,3),(210,211,2,3),(210,212,2,3),(210,214,2,3),(210,215,2,3),(210,216,2,4),(210,217,2,4),(210,218,2,4),(210,219,2,4),(210,220,2,4),(210,221,2,5),(210,222,2,5),(210,223,2,5),(210,224,2,5),(211,109,2,3),(211,201,2,4),(211,202,2,4),(211,203,2,4),(211,204,2,4),(211,205,2,4),(211,206,2,3),(211,207,2,3),(211,208,2,3),(211,209,2,3),(211,210,2,3),(211,212,2,3),(211,214,2,3),(211,215,2,3),(211,216,2,3),(211,217,2,4),(211,218,2,4),(211,219,2,4),(211,220,2,4),(211,221,2,4),(211,222,2,5),(211,223,2,5),(211,224,2,5),(212,105,6,3),(212,109,2,3),(212,112,6,3),(212,201,2,5),(212,202,2,4),(212,203,2,4),(212,204,2,4),(212,205,2,4),(212,206,2,4),(212,207,2,3),(212,208,2,3),(212,209,2,3),(212,210,2,3),(212,211,2,3),(212,214,2,3),(212,215,2,3),(212,216,2,3),(212,217,2,3),(212,218,2,4),(212,219,2,4),(212,220,2,4),(212,221,2,4),(212,222,2,4),(212,223,2,5),(212,224,2,5),(212,316,6,5),(212,319,6,4),(212,502,6,3),(212,509,6,3),(212,601,6,4),(212,602,6,4),(212,603,6,4),(212,604,6,4),(212,606,6,3),(212,608,6,3),(212,609,6,3),(212,611,6,3),(212,612,6,3),(212,613,6,3),(212,616,6,4),(212,617,6,4),(212,618,6,4),(212,619,6,4),(212,622,6,5),(212,623,6,5),(212,624,6,5),(212,625,6,5),(212,626,6,6),(212,627,6,6),(212,628,6,6),(212,629,6,6),(212,630,6,6),(212,631,6,6),(212,632,6,6),(214,109,2,3),(214,201,2,5),(214,202,2,5),(214,203,2,5),(214,204,2,4),(214,205,2,4),(214,206,2,4),(214,207,2,4),(214,208,2,4),(214,209,2,3),(214,210,2,3),(214,211,2,3),(214,212,2,3),(214,215,2,3),(214,216,2,3),(214,217,2,3),(214,218,2,3),(214,219,2,3),(214,220,2,4),(214,221,2,4),(214,222,2,4),(214,223,2,4),(214,224,2,4),(215,109,2,3),(215,201,2,5),(215,202,2,5),(215,203,2,5),(215,204,2,5),(215,205,2,4),(215,206,2,4),(215,207,2,4),(215,208,2,4),(215,209,2,4),(215,210,2,3),(215,211,2,3),(215,212,2,3),(215,214,2,3),(215,216,2,3),(215,217,2,3),(215,218,2,3),(215,219,2,3),(215,220,2,3),(215,221,2,4),(215,222,2,4),(215,223,2,4),(215,224,2,4),(216,109,2,3),(216,113,5,3),(216,201,2,5),(216,202,2,5),(216,203,2,5),(216,204,2,5),(216,205,2,5),(216,206,2,4),(216,207,2,4),(216,208,2,4),(216,209,2,4),(216,210,2,4),(216,211,2,3),(216,212,2,3),(216,214,2,3),(216,215,2,3),(216,217,2,3),(216,218,2,3),(216,219,2,3),(216,220,2,3),(216,221,2,3),(216,222,2,4),(216,223,2,4),(216,224,2,4),(216,310,5,4),(216,422,5,5),(216,501,5,3),(216,502,5,3),(216,503,5,3),(216,504,5,3),(216,505,5,3),(216,507,5,3),(216,508,5,3),(216,509,5,3),(216,510,5,3),(216,512,5,4),(216,514,5,4),(216,515,5,4),(216,516,5,4),(216,517,5,5),(216,519,5,5),(216,520,5,5),(216,521,5,5),(216,522,5,6),(216,523,5,6),(216,524,5,6),(217,109,2,3),(217,201,2,6),(217,202,2,5),(217,203,2,5),(217,204,2,5),(217,205,2,5),(217,206,2,5),(217,207,2,4),(217,208,2,4),(217,209,2,4),(217,210,2,4),(217,211,2,4),(217,212,2,3),(217,214,2,3),(217,215,2,3),(217,216,2,3),(217,218,2,3),(217,219,2,3),(217,220,2,3),(217,221,2,3),(217,222,2,3),(217,223,2,4),(217,224,2,4),(218,109,2,3),(218,201,2,6),(218,202,2,6),(218,203,2,5),(218,204,2,5),(218,205,2,5),(218,206,2,5),(218,207,2,5),(218,208,2,4),(218,209,2,4),(218,210,2,4),(218,211,2,4),(218,212,2,4),(218,214,2,3),(218,215,2,3),(218,216,2,3),(218,217,2,3),(218,219,2,3),(218,220,2,3),(218,221,2,3),(218,222,2,3),(218,223,2,3),(218,224,2,4),(219,109,2,4),(219,201,2,6),(219,202,2,6),(219,203,2,6),(219,204,2,5),(219,205,2,5),(219,206,2,5),(219,207,2,5),(219,208,2,5),(219,209,2,4),(219,210,2,4),(219,211,2,4),(219,212,2,4),(219,214,2,3),(219,215,2,3),(219,216,2,3),(219,217,2,3),(219,218,2,3),(219,220,2,3),(219,221,2,3),(219,222,2,3),(219,223,2,3),(219,224,2,3),(220,109,2,4),(220,201,2,6),(220,202,2,6),(220,203,2,6),(220,204,2,6),(220,205,2,5),(220,206,2,5),(220,207,2,5),(220,208,2,5),(220,209,2,5),(220,210,2,4),(220,211,2,4),(220,212,2,4),(220,214,2,4),(220,215,2,3),(220,216,2,3),(220,217,2,3),(220,218,2,3),(220,219,2,3),(220,221,2,3),(220,222,2,3),(220,223,2,3),(220,224,2,3),(221,109,2,4),(221,201,2,6),(221,202,2,6),(221,203,2,6),(221,204,2,6),(221,205,2,6),(221,206,2,5),(221,207,2,5),(221,208,2,5),(221,209,2,5),(221,210,2,5),(221,211,2,4),(221,212,2,4),(221,214,2,4),(221,215,2,4),(221,216,2,3),(221,217,2,3),(221,218,2,3),(221,219,2,3),(221,220,2,3),(221,222,2,3),(221,223,2,3),(221,224,2,3),(222,109,2,4),(222,201,2,6),(222,202,2,6),(222,203,2,6),(222,204,2,6),(222,205,2,6),(222,206,2,6),(222,207,2,5),(222,208,2,5),(222,209,2,5),(222,210,2,5),(222,211,2,5),(222,212,2,4),(222,214,2,4),(222,215,2,4),(222,216,2,4),(222,217,2,3),(222,218,2,3),(222,219,2,3),(222,220,2,3),(222,221,2,3),(222,223,2,3),(222,224,2,3),(223,109,2,4),(223,201,2,6),(223,202,2,6),(223,203,2,6),(223,204,2,6),(223,205,2,6),(223,206,2,6),(223,207,2,6),(223,208,2,5),(223,209,2,5),(223,210,2,5),(223,211,2,5),(223,212,2,5),(223,214,2,4),(223,215,2,4),(223,216,2,4),(223,217,2,4),(223,218,2,3),(223,219,2,3),(223,220,2,3),(223,221,2,3),(223,222,2,3),(223,224,2,3),(224,109,2,5),(224,114,9,4),(224,116,9,4),(224,201,2,6),(224,202,2,6),(224,203,2,6),(224,204,2,6),(224,205,2,6),(224,206,2,6),(224,207,2,6),(224,208,2,6),(224,209,2,5),(224,210,2,5),(224,211,2,5),(224,212,2,5),(224,214,2,4),(224,215,2,4),(224,216,2,4),(224,217,2,4),(224,218,2,4),(224,219,2,3),(224,220,2,3),(224,221,2,3),(224,222,2,3),(224,223,2,3),(224,317,9,4),(224,319,9,4),(224,320,9,3),(224,321,9,3),(224,322,9,3),(224,323,9,3),(224,324,9,3),(224,326,9,3),(224,327,9,3),(224,328,9,3),(224,329,9,3),(224,330,9,3),(301,114,3,4),(301,302,3,3),(301,303,3,3),(301,304,3,3),(301,305,3,3),(301,306,3,3),(301,307,3,4),(301,308,3,4),(301,309,3,4),(301,310,3,4),(301,312,3,5),(301,313,3,5),(301,314,3,5),(301,315,3,5),(301,316,3,5),(302,114,3,4),(302,301,3,3),(302,303,3,3),(302,304,3,3),(302,305,3,3),(302,306,3,3),(302,307,3,3),(302,308,3,4),(302,309,3,4),(302,310,3,4),(302,312,3,4),(302,313,3,5),(302,314,3,5),(302,315,3,5),(302,316,3,5),(303,114,3,4),(303,201,7,3),(303,202,7,3),(303,301,3,3),(303,302,3,3),(303,304,3,3),(303,305,3,3),(303,306,3,3),(303,307,3,3),(303,308,3,3),(303,309,3,4),(303,310,3,4),(303,312,3,4),(303,313,3,4),(303,314,3,5),(303,315,3,5),(303,316,3,5),(303,418,7,3),(303,703,7,3),(303,704,7,3),(303,706,7,3),(303,707,7,3),(303,708,7,3),(304,114,3,4),(304,301,3,3),(304,302,3,3),(304,303,3,3),(304,305,3,3),(304,306,3,3),(304,307,3,3),(304,308,3,3),(304,309,3,3),(304,310,3,4),(304,312,3,4),(304,313,3,4),(304,314,3,4),(304,315,3,5),(304,316,3,5),(305,114,3,4),(305,301,3,3),(305,302,3,3),(305,303,3,3),(305,304,3,3),(305,306,3,3),(305,307,3,3),(305,308,3,3),(305,309,3,3),(305,310,3,3),(305,312,3,4),(305,313,3,4),(305,314,3,4),(305,315,3,4),(305,316,3,5),(306,114,3,3),(306,301,3,3),(306,302,3,3),(306,303,3,3),(306,304,3,3),(306,305,3,3),(306,307,3,3),(306,308,3,3),(306,309,3,3),(306,310,3,3),(306,312,3,4),(306,313,3,4),(306,314,3,4),(306,315,3,4),(306,316,3,4),(307,114,3,3),(307,301,3,4),(307,302,3,3),(307,303,3,3),(307,304,3,3),(307,305,3,3),(307,306,3,3),(307,308,3,3),(307,309,3,3),(307,310,3,3),(307,312,3,3),(307,313,3,4),(307,314,3,4),(307,315,3,4),(307,316,3,4),(308,114,3,3),(308,209,8,3),(308,301,3,4),(308,302,3,4),(308,303,3,3),(308,304,3,3),(308,305,3,3),(308,306,3,3),(308,307,3,3),(308,309,3,3),(308,310,3,3),(308,312,3,3),(308,313,3,3),(308,314,3,4),(308,315,3,4),(308,316,3,4),(308,421,8,3),(308,608,8,4),(308,815,8,4),(308,816,8,4),(308,817,8,4),(308,818,8,3),(308,820,8,3),(308,821,8,3),(308,822,8,3),(308,824,8,3),(308,825,8,3),(308,826,8,3),(308,827,8,3),(309,114,3,3),(309,301,3,4),(309,302,3,4),(309,303,3,4),(309,304,3,3),(309,305,3,3),(309,306,3,3),(309,307,3,3),(309,308,3,3),(309,310,3,3),(309,312,3,3),(309,313,3,3),(309,314,3,3),(309,315,3,4),(309,316,3,4),(310,113,5,3),(310,114,3,3),(310,216,5,4),(310,301,3,4),(310,302,3,4),(310,303,3,4),(310,304,3,4),(310,305,3,3),(310,306,3,3),(310,307,3,3),(310,308,3,3),(310,309,3,3),(310,312,3,3),(310,313,3,3),(310,314,3,3),(310,315,3,3),(310,316,3,4),(310,422,5,3),(310,501,5,5),(310,502,5,5),(310,503,5,4),(310,504,5,4),(310,505,5,4),(310,507,5,4),(310,508,5,3),(310,509,5,3),(310,510,5,3),(310,512,5,3),(310,514,5,3),(310,515,5,3),(310,516,5,3),(310,517,5,3),(310,519,5,4),(310,520,5,4),(310,521,5,4),(310,522,5,4),(310,523,5,4),(310,524,5,5),(312,114,3,3),(312,301,3,5),(312,302,3,4),(312,303,3,4),(312,304,3,4),(312,305,3,4),(312,306,3,4),(312,307,3,3),(312,308,3,3),(312,309,3,3),(312,310,3,3),(312,313,3,3),(312,314,3,3),(312,315,3,3),(312,316,3,3),(313,114,3,3),(313,301,3,5),(313,302,3,5),(313,303,3,4),(313,304,3,4),(313,305,3,4),(313,306,3,4),(313,307,3,4),(313,308,3,3),(313,309,3,3),(313,310,3,3),(313,312,3,3),(313,314,3,3),(313,315,3,3),(313,316,3,3),(314,114,3,3),(314,301,3,5),(314,302,3,5),(314,303,3,5),(314,304,3,4),(314,305,3,4),(314,306,3,4),(314,307,3,4),(314,308,3,4),(314,309,3,3),(314,310,3,3),(314,312,3,3),(314,313,3,3),(314,315,3,3),(314,316,3,3),(315,114,3,3),(315,301,3,5),(315,302,3,5),(315,303,3,5),(315,304,3,5),(315,305,3,4),(315,306,3,4),(315,307,3,4),(315,308,3,4),(315,309,3,4),(315,310,3,3),(315,312,3,3),(315,313,3,3),(315,314,3,3),(315,316,3,3),(316,105,6,5),(316,112,6,4),(316,114,3,3),(316,212,6,5),(316,301,3,5),(316,302,3,5),(316,303,3,5),(316,304,3,5),(316,305,3,5),(316,306,3,4),(316,307,3,4),(316,308,3,4),(316,309,3,4),(316,310,3,4),(316,312,3,3),(316,313,3,3),(316,314,3,3),(316,315,3,3),(316,319,6,3),(316,502,6,6),(316,509,6,4),(316,601,6,6),(316,602,6,6),(316,603,6,6),(316,604,6,6),(316,606,6,5),(316,608,6,5),(316,609,6,5),(316,611,6,4),(316,612,6,4),(316,613,6,4),(316,616,6,3),(316,617,6,3),(316,618,6,3),(316,619,6,3),(316,622,6,3),(316,623,6,3),(316,624,6,3),(316,625,6,3),(316,626,6,3),(316,627,6,4),(316,628,6,4),(316,629,6,4),(316,630,6,4),(316,631,6,4),(316,632,6,5),(317,114,9,3),(317,116,9,3),(317,224,9,4),(317,319,9,3),(317,320,9,3),(317,321,9,3),(317,322,9,3),(317,323,9,4),(317,324,9,4),(317,326,9,4),(317,327,9,4),(317,328,9,5),(317,329,9,5),(317,330,9,5),(319,105,6,5),(319,112,6,4),(319,114,9,3),(319,116,9,3),(319,212,6,4),(319,224,9,4),(319,316,6,3),(319,317,9,3),(319,320,9,3),(319,321,9,3),(319,322,9,3),(319,323,9,3),(319,324,9,3),(319,326,9,4),(319,327,9,4),(319,328,9,4),(319,329,9,4),(319,330,9,5),(319,502,6,5),(319,509,6,3),(319,601,6,6),(319,602,6,6),(319,603,6,6),(319,604,6,6),(319,606,6,5),(319,608,6,5),(319,609,6,5),(319,611,6,4),(319,612,6,4),(319,613,6,4),(319,616,6,3),(319,617,6,3),(319,618,6,3),(319,619,6,3),(319,622,6,3),(319,623,6,3),(319,624,6,3),(319,625,6,3),(319,626,6,4),(319,627,6,4),(319,628,6,4),(319,629,6,4),(319,630,6,4),(319,631,6,5),(319,632,6,5),(320,114,9,3),(320,116,9,3),(320,224,9,3),(320,317,9,3),(320,319,9,3),(320,321,9,3),(320,322,9,3),(320,323,9,3),(320,324,9,3),(320,326,9,4),(320,327,9,4),(320,328,9,4),(320,329,9,4),(320,330,9,4),(321,114,9,3),(321,116,9,3),(321,224,9,3),(321,317,9,3),(321,319,9,3),(321,320,9,3),(321,322,9,3),(321,323,9,3),(321,324,9,3),(321,326,9,3),(321,327,9,4),(321,328,9,4),(321,329,9,4),(321,330,9,4),(322,114,9,4),(322,116,9,3),(322,224,9,3),(322,317,9,3),(322,319,9,3),(322,320,9,3),(322,321,9,3),(322,323,9,3),(322,324,9,3),(322,326,9,3),(322,327,9,3),(322,328,9,4),(322,329,9,4),(322,330,9,4),(323,114,9,4),(323,116,9,3),(323,224,9,3),(323,317,9,4),(323,319,9,3),(323,320,9,3),(323,321,9,3),(323,322,9,3),(323,324,9,3),(323,326,9,3),(323,327,9,3),(323,328,9,3),(323,329,9,4),(323,330,9,4),(324,114,9,4),(324,116,9,4),(324,224,9,3),(324,317,9,4),(324,319,9,3),(324,320,9,3),(324,321,9,3),(324,322,9,3),(324,323,9,3),(324,326,9,3),(324,327,9,3),(324,328,9,3),(324,329,9,3),(324,330,9,4),(326,114,9,4),(326,116,9,4),(326,224,9,3),(326,317,9,4),(326,319,9,4),(326,320,9,4),(326,321,9,3),(326,322,9,3),(326,323,9,3),(326,324,9,3),(326,327,9,3),(326,328,9,3),(326,329,9,3),(326,330,9,3),(327,114,9,5),(327,116,9,4),(327,224,9,3),(327,317,9,4),(327,319,9,4),(327,320,9,4),(327,321,9,4),(327,322,9,3),(327,323,9,3),(327,324,9,3),(327,326,9,3),(327,328,9,3),(327,329,9,3),(327,330,9,3),(328,114,9,5),(328,116,9,4),(328,224,9,3),(328,317,9,5),(328,319,9,4),(328,320,9,4),(328,321,9,4),(328,322,9,4),(328,323,9,3),(328,324,9,3),(328,326,9,3),(328,327,9,3),(328,329,9,3),(328,330,9,3),(329,114,9,5),(329,116,9,5),(329,224,9,3),(329,317,9,5),(329,319,9,4),(329,320,9,4),(329,321,9,4),(329,322,9,4),(329,323,9,4),(329,324,9,3),(329,326,9,3),(329,327,9,3),(329,328,9,3),(329,330,9,3),(330,114,9,5),(330,116,9,5),(330,224,9,3),(330,317,9,5),(330,319,9,5),(330,320,9,4),(330,321,9,4),(330,322,9,4),(330,323,9,4),(330,324,9,4),(330,326,9,3),(330,327,9,3),(330,328,9,3),(330,329,9,3),(401,402,4,3),(401,403,4,3),(401,404,4,3),(401,405,4,3),(401,406,4,3),(401,407,4,4),(401,408,4,4),(401,409,4,4),(401,410,4,4),(401,411,4,4),(401,412,4,5),(401,413,4,5),(401,414,4,5),(401,415,4,5),(401,416,4,5),(401,417,4,6),(401,418,4,6),(401,419,4,6),(401,420,4,6),(401,421,4,6),(401,422,4,6),(401,423,4,6),(401,424,4,6),(402,401,4,3),(402,403,4,3),(402,404,4,3),(402,405,4,3),(402,406,4,3),(402,407,4,3),(402,408,4,4),(402,409,4,4),(402,410,4,4),(402,411,4,4),(402,412,4,4),(402,413,4,5),(402,414,4,5),(402,415,4,5),(402,416,4,5),(402,417,4,5),(402,418,4,6),(402,419,4,6),(402,420,4,6),(402,421,4,6),(402,422,4,6),(402,423,4,6),(402,424,4,6),(403,401,4,3),(403,402,4,3),(403,404,4,3),(403,405,4,3),(403,406,4,3),(403,407,4,3),(403,408,4,3),(403,409,4,4),(403,410,4,4),(403,411,4,4),(403,412,4,4),(403,413,4,4),(403,414,4,5),(403,415,4,5),(403,416,4,5),(403,417,4,5),(403,418,4,5),(403,419,4,6),(403,420,4,6),(403,421,4,6),(403,422,4,6),(403,423,4,6),(403,424,4,6),(404,401,4,3),(404,402,4,3),(404,403,4,3),(404,405,4,3),(404,406,4,3),(404,407,4,3),(404,408,4,3),(404,409,4,3),(404,410,4,4),(404,411,4,4),(404,412,4,4),(404,413,4,4),(404,414,4,4),(404,415,4,5),(404,416,4,5),(404,417,4,5),(404,418,4,5),(404,419,4,5),(404,420,4,6),(404,421,4,6),(404,422,4,6),(404,423,4,6),(404,424,4,6),(405,401,4,3),(405,402,4,3),(405,403,4,3),(405,404,4,3),(405,406,4,3),(405,407,4,3),(405,408,4,3),(405,409,4,3),(405,410,4,3),(405,411,4,4),(405,412,4,4),(405,413,4,4),(405,414,4,4),(405,415,4,4),(405,416,4,5),(405,417,4,5),(405,418,4,5),(405,419,4,5),(405,420,4,5),(405,421,4,6),(405,422,4,6),(405,423,4,6),(405,424,4,6),(406,401,4,3),(406,402,4,3),(406,403,4,3),(406,404,4,3),(406,405,4,3),(406,407,4,3),(406,408,4,3),(406,409,4,3),(406,410,4,3),(406,411,4,3),(406,412,4,4),(406,413,4,4),(406,414,4,4),(406,415,4,4),(406,416,4,4),(406,417,4,5),(406,418,4,5),(406,419,4,5),(406,420,4,5),(406,421,4,5),(406,422,4,6),(406,423,4,6),(406,424,4,6),(407,401,4,4),(407,402,4,3),(407,403,4,3),(407,404,4,3),(407,405,4,3),(407,406,4,3),(407,408,4,3),(407,409,4,3),(407,410,4,3),(407,411,4,3),(407,412,4,3),(407,413,4,4),(407,414,4,4),(407,415,4,4),(407,416,4,4),(407,417,4,4),(407,418,4,5),(407,419,4,5),(407,420,4,5),(407,421,4,5),(407,422,4,5),(407,423,4,6),(407,424,4,6),(408,401,4,4),(408,402,4,4),(408,403,4,3),(408,404,4,3),(408,405,4,3),(408,406,4,3),(408,407,4,3),(408,409,4,3),(408,410,4,3),(408,411,4,3),(408,412,4,3),(408,413,4,3),(408,414,4,4),(408,415,4,4),(408,416,4,4),(408,417,4,4),(408,418,4,4),(408,419,4,5),(408,420,4,5),(408,421,4,5),(408,422,4,5),(408,423,4,5),(408,424,4,6),(409,401,4,4),(409,402,4,4),(409,403,4,4),(409,404,4,3),(409,405,4,3),(409,406,4,3),(409,407,4,3),(409,408,4,3),(409,410,4,3),(409,411,4,3),(409,412,4,3),(409,413,4,3),(409,414,4,3),(409,415,4,4),(409,416,4,4),(409,417,4,4),(409,418,4,4),(409,419,4,4),(409,420,4,5),(409,421,4,5),(409,422,4,5),(409,423,4,5),(409,424,4,5),(410,401,4,4),(410,402,4,4),(410,403,4,4),(410,404,4,4),(410,405,4,3),(410,406,4,3),(410,407,4,3),(410,408,4,3),(410,409,4,3),(410,411,4,3),(410,412,4,3),(410,413,4,3),(410,414,4,3),(410,415,4,3),(410,416,4,4),(410,417,4,4),(410,418,4,4),(410,419,4,4),(410,420,4,4),(410,421,4,5),(410,422,4,5),(410,423,4,5),(410,424,4,5),(411,401,4,4),(411,402,4,4),(411,403,4,4),(411,404,4,4),(411,405,4,4),(411,406,4,3),(411,407,4,3),(411,408,4,3),(411,409,4,3),(411,410,4,3),(411,412,4,3),(411,413,4,3),(411,414,4,3),(411,415,4,3),(411,416,4,3),(411,417,4,4),(411,418,4,4),(411,419,4,4),(411,420,4,4),(411,421,4,4),(411,422,4,5),(411,423,4,5),(411,424,4,5),(412,401,4,5),(412,402,4,4),(412,403,4,4),(412,404,4,4),(412,405,4,4),(412,406,4,4),(412,407,4,3),(412,408,4,3),(412,409,4,3),(412,410,4,3),(412,411,4,3),(412,413,4,3),(412,414,4,3),(412,415,4,3),(412,416,4,3),(412,417,4,3),(412,418,4,4),(412,419,4,4),(412,420,4,4),(412,421,4,4),(412,422,4,4),(412,423,4,5),(412,424,4,5),(413,401,4,5),(413,402,4,5),(413,403,4,4),(413,404,4,4),(413,405,4,4),(413,406,4,4),(413,407,4,4),(413,408,4,3),(413,409,4,3),(413,410,4,3),(413,411,4,3),(413,412,4,3),(413,414,4,3),(413,415,4,3),(413,416,4,3),(413,417,4,3),(413,418,4,3),(413,419,4,4),(413,420,4,4),(413,421,4,4),(413,422,4,4),(413,423,4,4),(413,424,4,5),(414,401,4,5),(414,402,4,5),(414,403,4,5),(414,404,4,4),(414,405,4,4),(414,406,4,4),(414,407,4,4),(414,408,4,4),(414,409,4,3),(414,410,4,3),(414,411,4,3),(414,412,4,3),(414,413,4,3),(414,415,4,3),(414,416,4,3),(414,417,4,3),(414,418,4,3),(414,419,4,3),(414,420,4,4),(414,421,4,4),(414,422,4,4),(414,423,4,4),(414,424,4,4),(415,401,4,5),(415,402,4,5),(415,403,4,5),(415,404,4,5),(415,405,4,4),(415,406,4,4),(415,407,4,4),(415,408,4,4),(415,409,4,4),(415,410,4,3),(415,411,4,3),(415,412,4,3),(415,413,4,3),(415,414,4,3),(415,416,4,3),(415,417,4,3),(415,418,4,3),(415,419,4,3),(415,420,4,3),(415,421,4,4),(415,422,4,4),(415,423,4,4),(415,424,4,4),(416,401,4,5),(416,402,4,5),(416,403,4,5),(416,404,4,5),(416,405,4,5),(416,406,4,4),(416,407,4,4),(416,408,4,4),(416,409,4,4),(416,410,4,4),(416,411,4,3),(416,412,4,3),(416,413,4,3),(416,414,4,3),(416,415,4,3),(416,417,4,3),(416,418,4,3),(416,419,4,3),(416,420,4,3),(416,421,4,3),(416,422,4,4),(416,423,4,4),(416,424,4,4),(417,401,4,6),(417,402,4,5),(417,403,4,5),(417,404,4,5),(417,405,4,5),(417,406,4,5),(417,407,4,4),(417,408,4,4),(417,409,4,4),(417,410,4,4),(417,411,4,4),(417,412,4,3),(417,413,4,3),(417,414,4,3),(417,415,4,3),(417,416,4,3),(417,418,4,3),(417,419,4,3),(417,420,4,3),(417,421,4,3),(417,422,4,3),(417,423,4,4),(417,424,4,4),(418,201,7,4),(418,202,7,4),(418,303,7,3),(418,401,4,6),(418,402,4,6),(418,403,4,5),(418,404,4,5),(418,405,4,5),(418,406,4,5),(418,407,4,5),(418,408,4,4),(418,409,4,4),(418,410,4,4),(418,411,4,4),(418,412,4,4),(418,413,4,3),(418,414,4,3),(418,415,4,3),(418,416,4,3),(418,417,4,3),(418,419,4,3),(418,420,4,3),(418,421,4,3),(418,422,4,3),(418,423,4,3),(418,424,4,4),(418,703,7,4),(418,704,7,3),(418,706,7,3),(418,707,7,3),(418,708,7,3),(419,401,4,6),(419,402,4,6),(419,403,4,6),(419,404,4,5),(419,405,4,5),(419,406,4,5),(419,407,4,5),(419,408,4,5),(419,409,4,4),(419,410,4,4),(419,411,4,4),(419,412,4,4),(419,413,4,4),(419,414,4,3),(419,415,4,3),(419,416,4,3),(419,417,4,3),(419,418,4,3),(419,420,4,3),(419,421,4,3),(419,422,4,3),(419,423,4,3),(419,424,4,3),(420,401,4,6),(420,402,4,6),(420,403,4,6),(420,404,4,6),(420,405,4,5),(420,406,4,5),(420,407,4,5),(420,408,4,5),(420,409,4,5),(420,410,4,4),(420,411,4,4),(420,412,4,4),(420,413,4,4),(420,414,4,4),(420,415,4,3),(420,416,4,3),(420,417,4,3),(420,418,4,3),(420,419,4,3),(420,421,4,3),(420,422,4,3),(420,423,4,3),(420,424,4,3),(421,209,8,4),(421,308,8,3),(421,401,4,6),(421,402,4,6),(421,403,4,6),(421,404,4,6),(421,405,4,6),(421,406,4,5),(421,407,4,5),(421,408,4,5),(421,409,4,5),(421,410,4,5),(421,411,4,4),(421,412,4,4),(421,413,4,4),(421,414,4,4),(421,415,4,4),(421,416,4,3),(421,417,4,3),(421,418,4,3),(421,419,4,3),(421,420,4,3),(421,422,4,3),(421,423,4,3),(421,424,4,3),(421,608,8,5),(421,815,8,5),(421,816,8,5),(421,817,8,5),(421,818,8,4),(421,820,8,4),(421,821,8,4),(421,822,8,4),(421,824,8,3),(421,825,8,3),(421,826,8,3),(421,827,8,3),(422,113,5,4),(422,216,5,5),(422,310,5,3),(422,401,4,6),(422,402,4,6),(422,403,4,6),(422,404,4,6),(422,405,4,6),(422,406,4,6),(422,407,4,5),(422,408,4,5),(422,409,4,5),(422,410,4,5),(422,411,4,5),(422,412,4,4),(422,413,4,4),(422,414,4,4),(422,415,4,4),(422,416,4,4),(422,417,4,3),(422,418,4,3),(422,419,4,3),(422,420,4,3),(422,421,4,3),(422,423,4,3),(422,424,4,3),(422,501,5,6),(422,502,5,6),(422,503,5,5),(422,504,5,5),(422,505,5,5),(422,507,5,5),(422,508,5,4),(422,509,5,4),(422,510,5,4),(422,512,5,4),(422,514,5,3),(422,515,5,3),(422,516,5,3),(422,517,5,3),(422,519,5,3),(422,520,5,3),(422,521,5,3),(422,522,5,3),(422,523,5,3),(422,524,5,4),(423,401,4,6),(423,402,4,6),(423,403,4,6),(423,404,4,6),(423,405,4,6),(423,406,4,6),(423,407,4,6),(423,408,4,5),(423,409,4,5),(423,410,4,5),(423,411,4,5),(423,412,4,5),(423,413,4,4),(423,414,4,4),(423,415,4,4),(423,416,4,4),(423,417,4,4),(423,418,4,3),(423,419,4,3),(423,420,4,3),(423,421,4,3),(423,422,4,3),(423,424,4,3),(424,401,4,6),(424,402,4,6),(424,403,4,6),(424,404,4,6),(424,405,4,6),(424,406,4,6),(424,407,4,6),(424,408,4,6),(424,409,4,5),(424,410,4,5),(424,411,4,5),(424,412,4,5),(424,413,4,5),(424,414,4,4),(424,415,4,4),(424,416,4,4),(424,417,4,4),(424,418,4,4),(424,419,4,3),(424,420,4,3),(424,421,4,3),(424,422,4,3),(424,423,4,3),(501,113,5,4),(501,216,5,3),(501,310,5,5),(501,422,5,6),(501,502,5,3),(501,503,5,3),(501,504,5,3),(501,505,5,3),(501,507,5,4),(501,508,5,4),(501,509,5,4),(501,510,5,4),(501,512,5,5),(501,514,5,5),(501,515,5,5),(501,516,5,5),(501,517,5,6),(501,519,5,6),(501,520,5,6),(501,521,5,6),(501,522,5,6),(501,523,5,6),(501,524,5,6),(502,105,6,3),(502,112,6,4),(502,113,5,4),(502,212,6,3),(502,216,5,3),(502,310,5,5),(502,316,6,6),(502,319,6,5),(502,422,5,6),(502,501,5,3),(502,503,5,3),(502,504,5,3),(502,505,5,3),(502,507,5,3),(502,508,5,4),(502,509,5,4),(502,509,6,4),(502,510,5,4),(502,512,5,4),(502,514,5,5),(502,515,5,5),(502,516,5,5),(502,517,5,5),(502,519,5,6),(502,520,5,6),(502,521,5,6),(502,522,5,6),(502,523,5,6),(502,524,5,6),(502,601,6,3),(502,602,6,3),(502,603,6,3),(502,604,6,3),(502,606,6,3),(502,608,6,3),(502,609,6,3),(502,611,6,4),(502,612,6,4),(502,613,6,4),(502,616,6,5),(502,617,6,5),(502,618,6,5),(502,619,6,5),(502,622,6,6),(502,623,6,6),(502,624,6,6),(502,625,6,6),(502,626,6,6),(502,627,6,6),(502,628,6,6),(502,629,6,6),(502,630,6,6),(502,631,6,6),(502,632,6,6),(503,113,5,4),(503,216,5,3),(503,310,5,4),(503,422,5,5),(503,501,5,3),(503,502,5,3),(503,504,5,3),(503,505,5,3),(503,507,5,3),(503,508,5,3),(503,509,5,4),(503,510,5,4),(503,512,5,4),(503,514,5,5),(503,515,5,5),(503,516,5,5),(503,517,5,5),(503,519,5,6),(503,520,5,6),(503,521,5,6),(503,522,5,6),(503,523,5,6),(503,524,5,6),(504,113,5,4),(504,216,5,3),(504,310,5,4),(504,422,5,5),(504,501,5,3),(504,502,5,3),(504,503,5,3),(504,505,5,3),(504,507,5,3),(504,508,5,3),(504,509,5,3),(504,510,5,4),(504,512,5,4),(504,514,5,4),(504,515,5,5),(504,516,5,5),(504,517,5,5),(504,519,5,5),(504,520,5,6),(504,521,5,6),(504,522,5,6),(504,523,5,6),(504,524,5,6),(505,113,5,4),(505,216,5,3),(505,310,5,4),(505,422,5,5),(505,501,5,3),(505,502,5,3),(505,503,5,3),(505,504,5,3),(505,507,5,3),(505,508,5,3),(505,509,5,3),(505,510,5,3),(505,512,5,4),(505,514,5,4),(505,515,5,4),(505,516,5,5),(505,517,5,5),(505,519,5,5),(505,520,5,5),(505,521,5,6),(505,522,5,6),(505,523,5,6),(505,524,5,6),(507,113,5,3),(507,216,5,3),(507,310,5,4),(507,422,5,5),(507,501,5,4),(507,502,5,3),(507,503,5,3),(507,504,5,3),(507,505,5,3),(507,508,5,3),(507,509,5,3),(507,510,5,3),(507,512,5,3),(507,514,5,4),(507,515,5,4),(507,516,5,4),(507,517,5,4),(507,519,5,5),(507,520,5,5),(507,521,5,5),(507,522,5,5),(507,523,5,6),(507,524,5,6),(508,113,5,3),(508,216,5,3),(508,310,5,3),(508,422,5,4),(508,501,5,4),(508,502,5,4),(508,503,5,3),(508,504,5,3),(508,505,5,3),(508,507,5,3),(508,509,5,3),(508,510,5,3),(508,512,5,3),(508,514,5,4),(508,515,5,4),(508,516,5,4),(508,517,5,4),(508,519,5,5),(508,520,5,5),(508,521,5,5),(508,522,5,5),(508,523,5,5),(508,524,5,6),(509,105,6,4),(509,112,6,3),(509,113,5,3),(509,212,6,3),(509,216,5,3),(509,310,5,3),(509,316,6,4),(509,319,6,3),(509,422,5,4),(509,501,5,4),(509,502,5,4),(509,502,6,4),(509,503,5,4),(509,504,5,3),(509,505,5,3),(509,507,5,3),(509,508,5,3),(509,510,5,3),(509,512,5,3),(509,514,5,3),(509,515,5,4),(509,516,5,4),(509,517,5,4),(509,519,5,4),(509,520,5,5),(509,521,5,5),(509,522,5,5),(509,523,5,5),(509,524,5,5),(509,601,6,5),(509,602,6,5),(509,603,6,5),(509,604,6,5),(509,606,6,4),(509,608,6,4),(509,609,6,4),(509,611,6,3),(509,612,6,3),(509,613,6,3),(509,616,6,3),(509,617,6,3),(509,618,6,3),(509,619,6,3),(509,622,6,4),(509,623,6,4),(509,624,6,4),(509,625,6,4),(509,626,6,5),(509,627,6,5),(509,628,6,5),(509,629,6,5),(509,630,6,5),(509,631,6,6),(509,632,6,6),(510,113,5,3),(510,216,5,3),(510,310,5,3),(510,422,5,4),(510,501,5,4),(510,502,5,4),(510,503,5,4),(510,504,5,4),(510,505,5,3),(510,507,5,3),(510,508,5,3),(510,509,5,3),(510,512,5,3),(510,514,5,3),(510,515,5,3),(510,516,5,4),(510,517,5,4),(510,519,5,4),(510,520,5,4),(510,521,5,5),(510,522,5,5),(510,523,5,5),(510,524,5,5),(512,113,5,3),(512,216,5,4),(512,310,5,3),(512,422,5,4),(512,501,5,5),(512,502,5,4),(512,503,5,4),(512,504,5,4),(512,505,5,4),(512,507,5,3),(512,508,5,3),(512,509,5,3),(512,510,5,3),(512,514,5,3),(512,515,5,3),(512,516,5,3),(512,517,5,3),(512,519,5,4),(512,520,5,4),(512,521,5,4),(512,522,5,4),(512,523,5,5),(512,524,5,5),(514,113,5,3),(514,216,5,4),(514,310,5,3),(514,422,5,3),(514,501,5,5),(514,502,5,5),(514,503,5,5),(514,504,5,4),(514,505,5,4),(514,507,5,4),(514,508,5,4),(514,509,5,3),(514,510,5,3),(514,512,5,3),(514,515,5,3),(514,516,5,3),(514,517,5,3),(514,519,5,3),(514,520,5,4),(514,521,5,4),(514,522,5,4),(514,523,5,4),(514,524,5,4),(515,113,5,3),(515,216,5,4),(515,310,5,3),(515,422,5,3),(515,501,5,5),(515,502,5,5),(515,503,5,5),(515,504,5,5),(515,505,5,4),(515,507,5,4),(515,508,5,4),(515,509,5,4),(515,510,5,3),(515,512,5,3),(515,514,5,3),(515,516,5,3),(515,517,5,3),(515,519,5,3),(515,520,5,3),(515,521,5,4),(515,522,5,4),(515,523,5,4),(515,524,5,4),(516,113,5,3),(516,216,5,4),(516,310,5,3),(516,422,5,3),(516,501,5,5),(516,502,5,5),(516,503,5,5),(516,504,5,5),(516,505,5,5),(516,507,5,4),(516,508,5,4),(516,509,5,4),(516,510,5,4),(516,512,5,3),(516,514,5,3),(516,515,5,3),(516,517,5,3),(516,519,5,3),(516,520,5,3),(516,521,5,3),(516,522,5,4),(516,523,5,4),(516,524,5,4),(517,113,5,4),(517,216,5,5),(517,310,5,3),(517,422,5,3),(517,501,5,6),(517,502,5,5),(517,503,5,5),(517,504,5,5),(517,505,5,5),(517,507,5,4),(517,508,5,4),(517,509,5,4),(517,510,5,4),(517,512,5,3),(517,514,5,3),(517,515,5,3),(517,516,5,3),(517,519,5,3),(517,520,5,3),(517,521,5,3),(517,522,5,3),(517,523,5,4),(517,524,5,4),(519,113,5,4),(519,216,5,5),(519,310,5,4),(519,422,5,3),(519,501,5,6),(519,502,5,6),(519,503,5,6),(519,504,5,5),(519,505,5,5),(519,507,5,5),(519,508,5,5),(519,509,5,4),(519,510,5,4),(519,512,5,4),(519,514,5,3),(519,515,5,3),(519,516,5,3),(519,517,5,3),(519,520,5,3),(519,521,5,3),(519,522,5,3),(519,523,5,3),(519,524,5,3),(520,113,5,4),(520,216,5,5),(520,310,5,4),(520,422,5,3),(520,501,5,6),(520,502,5,6),(520,503,5,6),(520,504,5,6),(520,505,5,5),(520,507,5,5),(520,508,5,5),(520,509,5,5),(520,510,5,4),(520,512,5,4),(520,514,5,4),(520,515,5,3),(520,516,5,3),(520,517,5,3),(520,519,5,3),(520,521,5,3),(520,522,5,3),(520,523,5,3),(520,524,5,3),(521,113,5,4),(521,216,5,5),(521,310,5,4),(521,422,5,3),(521,501,5,6),(521,502,5,6),(521,503,5,6),(521,504,5,6),(521,505,5,6),(521,507,5,5),(521,508,5,5),(521,509,5,5),(521,510,5,5),(521,512,5,4),(521,514,5,4),(521,515,5,4),(521,516,5,3),(521,517,5,3),(521,519,5,3),(521,520,5,3),(521,522,5,3),(521,523,5,3),(521,524,5,3),(522,113,5,5),(522,216,5,6),(522,310,5,4),(522,422,5,3),(522,501,5,6),(522,502,5,6),(522,503,5,6),(522,504,5,6),(522,505,5,6),(522,507,5,5),(522,508,5,5),(522,509,5,5),(522,510,5,5),(522,512,5,4),(522,514,5,4),(522,515,5,4),(522,516,5,4),(522,517,5,3),(522,519,5,3),(522,520,5,3),(522,521,5,3),(522,523,5,3),(522,524,5,3),(523,113,5,5),(523,216,5,6),(523,310,5,4),(523,422,5,3),(523,501,5,6),(523,502,5,6),(523,503,5,6),(523,504,5,6),(523,505,5,6),(523,507,5,6),(523,508,5,5),(523,509,5,5),(523,510,5,5),(523,512,5,5),(523,514,5,4),(523,515,5,4),(523,516,5,4),(523,517,5,4),(523,519,5,3),(523,520,5,3),(523,521,5,3),(523,522,5,3),(523,524,5,3),(524,113,5,5),(524,216,5,6),(524,310,5,5),(524,422,5,4),(524,501,5,6),(524,502,5,6),(524,503,5,6),(524,504,5,6),(524,505,5,6),(524,507,5,6),(524,508,5,6),(524,509,5,5),(524,510,5,5),(524,512,5,5),(524,514,5,4),(524,515,5,4),(524,516,5,4),(524,517,5,4),(524,519,5,3),(524,520,5,3),(524,521,5,3),(524,522,5,3),(524,523,5,3),(601,105,6,4),(601,112,6,5),(601,212,6,4),(601,316,6,6),(601,319,6,6),(601,502,6,3),(601,509,6,5),(601,602,6,3),(601,603,6,3),(601,604,6,3),(601,606,6,3),(601,608,6,4),(601,609,6,4),(601,611,6,4),(601,612,6,5),(601,613,6,5),(601,616,6,5),(601,617,6,6),(601,618,6,6),(601,619,6,6),(601,622,6,6),(601,623,6,6),(601,624,6,6),(601,625,6,6),(601,626,6,6),(601,627,6,6),(601,628,6,6),(601,629,6,6),(601,630,6,6),(601,631,6,6),(601,632,6,6),(602,105,6,3),(602,112,6,5),(602,212,6,4),(602,316,6,6),(602,319,6,6),(602,502,6,3),(602,509,6,5),(602,601,6,3),(602,603,6,3),(602,604,6,3),(602,606,6,3),(602,608,6,4),(602,609,6,4),(602,611,6,4),(602,612,6,4),(602,613,6,5),(602,616,6,5),(602,617,6,5),(602,618,6,6),(602,619,6,6),(602,622,6,6),(602,623,6,6),(602,624,6,6),(602,625,6,6),(602,626,6,6),(602,627,6,6),(602,628,6,6),(602,629,6,6),(602,630,6,6),(602,631,6,6),(602,632,6,6),(603,105,6,3),(603,112,6,5),(603,212,6,4),(603,316,6,6),(603,319,6,6),(603,502,6,3),(603,509,6,5),(603,601,6,3),(603,602,6,3),(603,604,6,3),(603,606,6,3),(603,608,6,3),(603,609,6,3),(603,611,6,4),(603,612,6,4),(603,613,6,4),(603,616,6,5),(603,617,6,5),(603,618,6,5),(603,619,6,6),(603,622,6,6),(603,623,6,6),(603,624,6,6),(603,625,6,6),(603,626,6,6),(603,627,6,6),(603,628,6,6),(603,629,6,6),(603,630,6,6),(603,631,6,6),(603,632,6,6),(604,105,6,3),(604,112,6,4),(604,212,6,4),(604,316,6,6),(604,319,6,6),(604,502,6,3),(604,509,6,5),(604,601,6,3),(604,602,6,3),(604,603,6,3),(604,606,6,3),(604,608,6,3),(604,609,6,3),(604,611,6,4),(604,612,6,4),(604,613,6,4),(604,616,6,5),(604,617,6,5),(604,618,6,5),(604,619,6,5),(604,622,6,6),(604,623,6,6),(604,624,6,6),(604,625,6,6),(604,626,6,6),(604,627,6,6),(604,628,6,6),(604,629,6,6),(604,630,6,6),(604,631,6,6),(604,632,6,6),(606,105,6,3),(606,112,6,4),(606,212,6,3),(606,316,6,5),(606,319,6,5),(606,502,6,3),(606,509,6,4),(606,601,6,3),(606,602,6,3),(606,603,6,3),(606,604,6,3),(606,608,6,3),(606,609,6,3),(606,611,6,3),(606,612,6,4),(606,613,6,4),(606,616,6,4),(606,617,6,5),(606,618,6,5),(606,619,6,5),(606,622,6,6),(606,623,6,6),(606,624,6,6),(606,625,6,6),(606,626,6,6),(606,627,6,6),(606,628,6,6),(606,629,6,6),(606,630,6,6),(606,631,6,6),(606,632,6,6),(608,105,6,3),(608,112,6,4),(608,209,8,3),(608,212,6,3),(608,308,8,4),(608,316,6,5),(608,319,6,5),(608,421,8,5),(608,502,6,3),(608,509,6,4),(608,601,6,4),(608,602,6,4),(608,603,6,3),(608,604,6,3),(608,606,6,3),(608,611,6,3),(608,612,6,3),(608,613,6,3),(608,616,6,4),(608,617,6,4),(608,618,6,4),(608,619,6,5),(608,622,6,5),(608,623,6,5),(608,624,6,6),(608,625,6,6),(608,626,6,6),(608,627,6,6),(608,628,6,6),(608,629,6,6),(608,630,6,6),(608,631,6,6),(608,632,6,6),(608,815,8,3),(608,816,8,3),(608,817,8,3),(608,818,8,3),(608,820,8,4),(608,821,8,4),(608,822,8,4),(608,824,8,4),(608,825,8,5),(608,826,8,5),(608,827,8,5),(609,105,6,3),(609,112,6,4),(609,212,6,3),(609,316,6,5),(609,319,6,5),(609,502,6,3),(609,509,6,4),(609,601,6,4),(609,602,6,4),(609,603,6,3),(609,604,6,3),(609,606,6,3),(609,611,6,3),(609,612,6,3),(609,613,6,3),(609,616,6,4),(609,617,6,4),(609,618,6,4),(609,619,6,5),(609,622,6,5),(609,623,6,5),(609,624,6,6),(609,625,6,6),(609,626,6,6),(609,627,6,6),(609,628,6,6),(609,629,6,6),(609,630,6,6),(609,631,6,6),(609,632,6,6),(611,105,6,3),(611,112,6,3),(611,212,6,3),(611,316,6,4),(611,319,6,4),(611,502,6,4),(611,509,6,3),(611,601,6,4),(611,602,6,4),(611,603,6,4),(611,604,6,4),(611,606,6,3),(611,608,6,3),(611,609,6,3),(611,612,6,3),(611,613,6,3),(611,616,6,3),(611,617,6,4),(611,618,6,4),(611,619,6,4),(611,622,6,5),(611,623,6,5),(611,624,6,5),(611,625,6,5),(611,626,6,5),(611,627,6,6),(611,628,6,6),(611,629,6,6),(611,630,6,6),(611,631,6,6),(611,632,6,6),(612,105,6,3),(612,112,6,3),(612,212,6,3),(612,316,6,4),(612,319,6,4),(612,502,6,4),(612,509,6,3),(612,601,6,5),(612,602,6,4),(612,603,6,4),(612,604,6,4),(612,606,6,4),(612,608,6,3),(612,609,6,3),(612,611,6,3),(612,613,6,3),(612,616,6,3),(612,617,6,3),(612,618,6,4),(612,619,6,4),(612,622,6,4),(612,623,6,5),(612,624,6,5),(612,625,6,5),(612,626,6,5),(612,627,6,5),(612,628,6,6),(612,629,6,6),(612,630,6,6),(612,631,6,6),(612,632,6,6),(613,105,6,4),(613,112,6,3),(613,212,6,3),(613,316,6,4),(613,319,6,4),(613,502,6,4),(613,509,6,3),(613,601,6,5),(613,602,6,5),(613,603,6,4),(613,604,6,4),(613,606,6,4),(613,608,6,3),(613,609,6,3),(613,611,6,3),(613,612,6,3),(613,616,6,3),(613,617,6,3),(613,618,6,3),(613,619,6,4),(613,622,6,4),(613,623,6,4),(613,624,6,5),(613,625,6,5),(613,626,6,5),(613,627,6,5),(613,628,6,5),(613,629,6,6),(613,630,6,6),(613,631,6,6),(613,632,6,6),(616,105,6,4),(616,112,6,3),(616,212,6,4),(616,316,6,3),(616,319,6,3),(616,502,6,5),(616,509,6,3),(616,601,6,5),(616,602,6,5),(616,603,6,5),(616,604,6,5),(616,606,6,4),(616,608,6,4),(616,609,6,4),(616,611,6,3),(616,612,6,3),(616,613,6,3),(616,617,6,3),(616,618,6,3),(616,619,6,3),(616,622,6,4),(616,623,6,4),(616,624,6,4),(616,625,6,4),(616,626,6,4),(616,627,6,5),(616,628,6,5),(616,629,6,5),(616,630,6,5),(616,631,6,5),(616,632,6,6),(617,105,6,4),(617,112,6,3),(617,212,6,4),(617,316,6,3),(617,319,6,3),(617,502,6,5),(617,509,6,3),(617,601,6,6),(617,602,6,5),(617,603,6,5),(617,604,6,5),(617,606,6,5),(617,608,6,4),(617,609,6,4),(617,611,6,4),(617,612,6,3),(617,613,6,3),(617,616,6,3),(617,618,6,3),(617,619,6,3),(617,622,6,3),(617,623,6,4),(617,624,6,4),(617,625,6,4),(617,626,6,4),(617,627,6,4),(617,628,6,5),(617,629,6,5),(617,630,6,5),(617,631,6,5),(617,632,6,5),(618,105,6,5),(618,112,6,3),(618,212,6,4),(618,316,6,3),(618,319,6,3),(618,502,6,5),(618,509,6,3),(618,601,6,6),(618,602,6,6),(618,603,6,5),(618,604,6,5),(618,606,6,5),(618,608,6,4),(618,609,6,4),(618,611,6,4),(618,612,6,4),(618,613,6,3),(618,616,6,3),(618,617,6,3),(618,619,6,3),(618,622,6,3),(618,623,6,3),(618,624,6,4),(618,625,6,4),(618,626,6,4),(618,627,6,4),(618,628,6,4),(618,629,6,5),(618,630,6,5),(618,631,6,5),(618,632,6,5),(619,105,6,5),(619,112,6,3),(619,212,6,4),(619,316,6,3),(619,319,6,3),(619,502,6,5),(619,509,6,3),(619,601,6,6),(619,602,6,6),(619,603,6,6),(619,604,6,5),(619,606,6,5),(619,608,6,5),(619,609,6,5),(619,611,6,4),(619,612,6,4),(619,613,6,4),(619,616,6,3),(619,617,6,3),(619,618,6,3),(619,622,6,3),(619,623,6,3),(619,624,6,3),(619,625,6,4),(619,626,6,4),(619,627,6,4),(619,628,6,4),(619,629,6,4),(619,630,6,5),(619,631,6,5),(619,632,6,5),(622,105,6,5),(622,112,6,4),(622,212,6,5),(622,316,6,3),(622,319,6,3),(622,502,6,6),(622,509,6,4),(622,601,6,6),(622,602,6,6),(622,603,6,6),(622,604,6,6),(622,606,6,6),(622,608,6,5),(622,609,6,5),(622,611,6,5),(622,612,6,4),(622,613,6,4),(622,616,6,4),(622,617,6,3),(622,618,6,3),(622,619,6,3),(622,623,6,3),(622,624,6,3),(622,625,6,3),(622,626,6,3),(622,627,6,3),(622,628,6,4),(622,629,6,4),(622,630,6,4),(622,631,6,4),(622,632,6,4),(623,105,6,6),(623,112,6,4),(623,212,6,5),(623,316,6,3),(623,319,6,3),(623,502,6,6),(623,509,6,4),(623,601,6,6),(623,602,6,6),(623,603,6,6),(623,604,6,6),(623,606,6,6),(623,608,6,5),(623,609,6,5),(623,611,6,5),(623,612,6,5),(623,613,6,4),(623,616,6,4),(623,617,6,4),(623,618,6,3),(623,619,6,3),(623,622,6,3),(623,624,6,3),(623,625,6,3),(623,626,6,3),(623,627,6,3),(623,628,6,3),(623,629,6,4),(623,630,6,4),(623,631,6,4),(623,632,6,4),(624,105,6,6),(624,112,6,4),(624,212,6,5),(624,316,6,3),(624,319,6,3),(624,502,6,6),(624,509,6,4),(624,601,6,6),(624,602,6,6),(624,603,6,6),(624,604,6,6),(624,606,6,6),(624,608,6,6),(624,609,6,6),(624,611,6,5),(624,612,6,5),(624,613,6,5),(624,616,6,4),(624,617,6,4),(624,618,6,4),(624,619,6,3),(624,622,6,3),(624,623,6,3),(624,625,6,3),(624,626,6,3),(624,627,6,3),(624,628,6,3),(624,629,6,3),(624,630,6,4),(624,631,6,4),(624,632,6,4),(625,105,6,6),(625,112,6,5),(625,212,6,5),(625,316,6,3),(625,319,6,3),(625,502,6,6),(625,509,6,4),(625,601,6,6),(625,602,6,6),(625,603,6,6),(625,604,6,6),(625,606,6,6),(625,608,6,6),(625,609,6,6),(625,611,6,5),(625,612,6,5),(625,613,6,5),(625,616,6,4),(625,617,6,4),(625,618,6,4),(625,619,6,4),(625,622,6,3),(625,623,6,3),(625,624,6,3),(625,626,6,3),(625,627,6,3),(625,628,6,3),(625,629,6,3),(625,630,6,3),(625,631,6,4),(625,632,6,4),(626,105,6,6),(626,112,6,5),(626,212,6,6),(626,316,6,3),(626,319,6,4),(626,502,6,6),(626,509,6,5),(626,601,6,6),(626,602,6,6),(626,603,6,6),(626,604,6,6),(626,606,6,6),(626,608,6,6),(626,609,6,6),(626,611,6,5),(626,612,6,5),(626,613,6,5),(626,616,6,4),(626,617,6,4),(626,618,6,4),(626,619,6,4),(626,622,6,3),(626,623,6,3),(626,624,6,3),(626,625,6,3),(626,627,6,3),(626,628,6,3),(626,629,6,3),(626,630,6,3),(626,631,6,3),(626,632,6,4),(627,105,6,6),(627,112,6,5),(627,212,6,6),(627,316,6,4),(627,319,6,4),(627,502,6,6),(627,509,6,5),(627,601,6,6),(627,602,6,6),(627,603,6,6),(627,604,6,6),(627,606,6,6),(627,608,6,6),(627,609,6,6),(627,611,6,6),(627,612,6,5),(627,613,6,5),(627,616,6,5),(627,617,6,4),(627,618,6,4),(627,619,6,4),(627,622,6,3),(627,623,6,3),(627,624,6,3),(627,625,6,3),(627,626,6,3),(627,628,6,3),(627,629,6,3),(627,630,6,3),(627,631,6,3),(627,632,6,3),(628,105,6,6),(628,112,6,5),(628,212,6,6),(628,316,6,4),(628,319,6,4),(628,502,6,6),(628,509,6,5),(628,601,6,6),(628,602,6,6),(628,603,6,6),(628,604,6,6),(628,606,6,6),(628,608,6,6),(628,609,6,6),(628,611,6,6),(628,612,6,6),(628,613,6,5),(628,616,6,5),(628,617,6,5),(628,618,6,4),(628,619,6,4),(628,622,6,4),(628,623,6,3),(628,624,6,3),(628,625,6,3),(628,626,6,3),(628,627,6,3),(628,629,6,3),(628,630,6,3),(628,631,6,3),(628,632,6,3),(629,105,6,6),(629,112,6,5),(629,212,6,6),(629,316,6,4),(629,319,6,4),(629,502,6,6),(629,509,6,5),(629,601,6,6),(629,602,6,6),(629,603,6,6),(629,604,6,6),(629,606,6,6),(629,608,6,6),(629,609,6,6),(629,611,6,6),(629,612,6,6),(629,613,6,6),(629,616,6,5),(629,617,6,5),(629,618,6,5),(629,619,6,4),(629,622,6,4),(629,623,6,4),(629,624,6,3),(629,625,6,3),(629,626,6,3),(629,627,6,3),(629,628,6,3),(629,630,6,3),(629,631,6,3),(629,632,6,3),(630,105,6,6),(630,112,6,6),(630,212,6,6),(630,316,6,4),(630,319,6,4),(630,502,6,6),(630,509,6,5),(630,601,6,6),(630,602,6,6),(630,603,6,6),(630,604,6,6),(630,606,6,6),(630,608,6,6),(630,609,6,6),(630,611,6,6),(630,612,6,6),(630,613,6,6),(630,616,6,5),(630,617,6,5),(630,618,6,5),(630,619,6,5),(630,622,6,4),(630,623,6,4),(630,624,6,4),(630,625,6,3),(630,626,6,3),(630,627,6,3),(630,628,6,3),(630,629,6,3),(630,631,6,3),(630,632,6,3),(631,105,6,6),(631,112,6,6),(631,212,6,6),(631,316,6,4),(631,319,6,5),(631,502,6,6),(631,509,6,6),(631,601,6,6),(631,602,6,6),(631,603,6,6),(631,604,6,6),(631,606,6,6),(631,608,6,6),(631,609,6,6),(631,611,6,6),(631,612,6,6),(631,613,6,6),(631,616,6,5),(631,617,6,5),(631,618,6,5),(631,619,6,5),(631,622,6,4),(631,623,6,4),(631,624,6,4),(631,625,6,4),(631,626,6,3),(631,627,6,3),(631,628,6,3),(631,629,6,3),(631,630,6,3),(631,632,6,3),(632,105,6,6),(632,112,6,6),(632,212,6,6),(632,316,6,5),(632,319,6,5),(632,502,6,6),(632,509,6,6),(632,601,6,6),(632,602,6,6),(632,603,6,6),(632,604,6,6),(632,606,6,6),(632,608,6,6),(632,609,6,6),(632,611,6,6),(632,612,6,6),(632,613,6,6),(632,616,6,6),(632,617,6,5),(632,618,6,5),(632,619,6,5),(632,622,6,4),(632,623,6,4),(632,624,6,4),(632,625,6,4),(632,626,6,4),(632,627,6,3),(632,628,6,3),(632,629,6,3),(632,630,6,3),(632,631,6,3),(703,201,7,3),(703,202,7,3),(703,303,7,3),(703,418,7,4),(703,704,7,3),(703,706,7,3),(703,707,7,3),(703,708,7,3),(704,201,7,3),(704,202,7,3),(704,303,7,3),(704,418,7,3),(704,703,7,3),(704,706,7,3),(704,707,7,3),(704,708,7,3),(706,201,7,3),(706,202,7,3),(706,303,7,3),(706,418,7,3),(706,703,7,3),(706,704,7,3),(706,707,7,3),(706,708,7,3),(707,201,7,4),(707,202,7,3),(707,303,7,3),(707,418,7,3),(707,703,7,3),(707,704,7,3),(707,706,7,3),(707,708,7,3),(708,201,7,4),(708,202,7,4),(708,303,7,3),(708,418,7,3),(708,703,7,3),(708,704,7,3),(708,706,7,3),(708,707,7,3),(815,209,8,3),(815,308,8,4),(815,421,8,5),(815,608,8,3),(815,816,8,3),(815,817,8,3),(815,818,8,3),(815,820,8,3),(815,821,8,4),(815,822,8,4),(815,824,8,4),(815,825,8,4),(815,826,8,5),(815,827,8,5),(816,209,8,3),(816,308,8,4),(816,421,8,5),(816,608,8,3),(816,815,8,3),(816,817,8,3),(816,818,8,3),(816,820,8,3),(816,821,8,3),(816,822,8,4),(816,824,8,4),(816,825,8,4),(816,826,8,4),(816,827,8,5),(817,209,8,3),(817,308,8,4),(817,421,8,5),(817,608,8,3),(817,815,8,3),(817,816,8,3),(817,818,8,3),(817,820,8,3),(817,821,8,3),(817,822,8,3),(817,824,8,4),(817,825,8,4),(817,826,8,4),(817,827,8,4),(818,209,8,3),(818,308,8,3),(818,421,8,4),(818,608,8,3),(818,815,8,3),(818,816,8,3),(818,817,8,3),(818,820,8,3),(818,821,8,3),(818,822,8,3),(818,824,8,4),(818,825,8,4),(818,826,8,4),(818,827,8,4),(820,209,8,3),(820,308,8,3),(820,421,8,4),(820,608,8,4),(820,815,8,3),(820,816,8,3),(820,817,8,3),(820,818,8,3),(820,821,8,3),(820,822,8,3),(820,824,8,3),(820,825,8,3),(820,826,8,4),(820,827,8,4),(821,209,8,3),(821,308,8,3),(821,421,8,4),(821,608,8,4),(821,815,8,4),(821,816,8,3),(821,817,8,3),(821,818,8,3),(821,820,8,3),(821,822,8,3),(821,824,8,3),(821,825,8,3),(821,826,8,3),(821,827,8,4),(822,209,8,3),(822,308,8,3),(822,421,8,4),(822,608,8,4),(822,815,8,4),(822,816,8,4),(822,817,8,3),(822,818,8,3),(822,820,8,3),(822,821,8,3),(822,824,8,3),(822,825,8,3),(822,826,8,3),(822,827,8,3),(824,209,8,3),(824,308,8,3),(824,421,8,3),(824,608,8,4),(824,815,8,4),(824,816,8,4),(824,817,8,4),(824,818,8,4),(824,820,8,3),(824,821,8,3),(824,822,8,3),(824,825,8,3),(824,826,8,3),(824,827,8,3),(825,209,8,4),(825,308,8,3),(825,421,8,3),(825,608,8,5),(825,815,8,4),(825,816,8,4),(825,817,8,4),(825,818,8,4),(825,820,8,3),(825,821,8,3),(825,822,8,3),(825,824,8,3),(825,826,8,3),(825,827,8,3),(826,209,8,4),(826,308,8,3),(826,421,8,3),(826,608,8,5),(826,815,8,5),(826,816,8,4),(826,817,8,4),(826,818,8,4),(826,820,8,4),(826,821,8,3),(826,822,8,3),(826,824,8,3),(826,825,8,3),(826,827,8,3),(827,209,8,4),(827,308,8,3),(827,421,8,3),(827,608,8,5),(827,815,8,5),(827,816,8,5),(827,817,8,4),(827,818,8,4),(827,820,8,4),(827,821,8,4),(827,822,8,3),(827,824,8,3),(827,825,8,3),(827,826,8,3);
/*!40000 ALTER TABLE `ticketprice` ENABLE KEYS */;
UNLOCK TABLES;

--
-- Table structure for table `train`
--

DROP TABLE IF EXISTS `train`;
/*!40101 SET @saved_cs_client     = @@character_set_client */;
/*!50503 SET character_set_client = utf8mb4 */;
CREATE TABLE `train` (
  `trainid` int NOT NULL,
  `lineid` int NOT NULL,
  `traintype` varchar(30) NOT NULL,
  `seatcount` int NOT NULL,
  PRIMARY KEY (`trainid`),
  KEY `fk_train_line_idx` (`lineid`),
  CONSTRAINT `fk_train_line` FOREIGN KEY (`lineid`) REFERENCES `line` (`lineid`) ON DELETE CASCADE ON UPDATE CASCADE
) ENGINE=InnoDB DEFAULT CHARSET=utf8mb4 COLLATE=utf8mb4_0900_ai_ci;
/*!40101 SET character_set_client = @saved_cs_client */;

--
-- Dumping data for table `train`
--

LOCK TABLES `train` WRITE;
/*!40000 ALTER TABLE `train` DISABLE KEYS */;
INSERT INTO `train` VALUES (1001,1,'K',250),(1002,1,'K',250),(1003,1,'K',250),(1004,1,'K',250),(1005,1,'K',250),(1006,1,'K',250),(1007,1,'K',250),(1008,1,'K',250),(1009,1,'K',250),(1010,1,'K',250),(2001,2,'G',280),(2002,2,'G',280),(2003,2,'G',280),(2004,2,'G',280),(2005,2,'G',280),(2006,2,'G',280),(2007,2,'G',280),(2008,2,'G',280),(2009,2,'G',280),(2010,2,'G',280),(3001,3,'K',250),(3002,3,'K',250),(3003,3,'K',250),(3004,3,'K',250),(3005,3,'K',250),(3006,3,'K',250),(3007,3,'K',250),(3008,3,'K',250),(3009,3,'K',250),(3010,3,'K',250),(4001,4,'G',280),(4002,4,'G',280),(4003,4,'G',280),(4004,4,'G',280),(4005,4,'G',280),(4006,4,'G',280),(4007,4,'G',280),(4008,4,'G',280),(4009,4,'G',280),(4010,4,'G',280),(5001,5,'K',250),(5002,5,'K',250),(5003,5,'K',250),(5004,5,'K',250),(5005,5,'K',250),(5006,5,'K',250),(5007,5,'K',250),(5008,5,'K',250),(5009,5,'K',250),(5010,5,'K',250),(6001,6,'G',280),(6002,6,'G',280),(6003,6,'G',280),(6004,6,'G',280),(6005,6,'G',280),(6006,6,'G',280),(6007,6,'G',280),(6008,6,'G',280),(6009,6,'G',280),(6010,6,'G',280),(7001,7,'K',250),(7002,7,'K',250),(7003,7,'K',250),(7004,7,'K',250),(7005,7,'K',250),(7006,7,'K',250),(7007,7,'K',250),(7008,7,'K',250),(7009,7,'K',250),(7010,7,'K',250),(8001,8,'G',280),(8002,8,'G',280),(8003,8,'G',280),(8004,8,'G',280),(8005,8,'G',280),(8006,8,'G',280),(8007,8,'G',280),(8008,8,'G',280),(8009,8,'G',280),(8010,8,'G',280),(9001,9,'K',250),(9002,9,'K',250),(9003,9,'K',250),(9004,9,'K',250),(9005,9,'K',250),(9006,9,'K',250),(9007,9,'K',250),(9008,9,'K',250),(9009,9,'K',250),(9010,9,'K',250);
/*!40000 ALTER TABLE `train` ENABLE KEYS */;
UNLOCK TABLES;

--
-- Table structure for table `trainstation`
--

DROP TABLE IF EXISTS `trainstation`;
/*!40101 SET @saved_cs_client     = @@character_set_client */;
/*!50503 SET character_set_client = utf8mb4 */;
CREATE TABLE `trainstation` (
  `trainid` int NOT NULL,
  `stationid` int NOT NULL,
  `arrivetime` datetime NOT NULL,
  `leavetime` datetime NOT NULL,
  `remainseat` int NOT NULL,
  PRIMARY KEY (`trainid`,`stationid`),
  KEY `fk_trainstation_station_idx` (`stationid`),
  CONSTRAINT `fk_trainstation_station` FOREIGN KEY (`stationid`) REFERENCES `station` (`stationid`) ON DELETE CASCADE ON UPDATE CASCADE,
  CONSTRAINT `fk_trainstation_train` FOREIGN KEY (`trainid`) REFERENCES `train` (`trainid`) ON DELETE CASCADE ON UPDATE CASCADE,
  CONSTRAINT `trainstation_chk_1` CHECK ((`remainseat` >= 0))
) ENGINE=InnoDB DEFAULT CHARSET=utf8mb4 COLLATE=utf8mb4_0900_ai_ci;
/*!40101 SET character_set_client = @saved_cs_client */;

--
-- Dumping data for table `trainstation`
--

LOCK TABLES `trainstation` WRITE;
/*!40000 ALTER TABLE `trainstation` DISABLE KEYS */;
INSERT INTO `trainstation` VALUES (1001,101,'2020-09-01 06:30:00','2020-09-01 06:35:00',250),(1001,102,'2020-09-01 06:50:00','2020-09-01 06:55:00',250),(1001,103,'2020-09-01 07:10:00','2020-09-01 07:15:00',250),(1001,104,'2020-09-01 07:30:00','2020-09-01 07:35:00',250),(1001,105,'2020-09-01 07:50:00','2020-09-01 07:55:00',250),(1001,106,'2020-09-01 08:10:00','2020-09-01 08:15:00',250),(1001,107,'2020-09-01 08:30:00','2020-09-01 08:35:00',250),(1001,108,'2020-09-01 08:50:00','2020-09-01 08:55:00',250),(1001,109,'2020-09-01 09:10:00','2020-09-01 09:15:00',250),(1001,110,'2020-09-01 09:30:00','2020-09-01 09:35:00',250),(1001,111,'2020-09-01 09:50:00','2020-09-01 09:55:00',250),(1001,112,'2020-09-01 10:10:00','2020-09-01 10:15:00',250),(1001,113,'2020-09-01 10:30:00','2020-09-01 10:35:00',250),(1001,114,'2020-09-01 10:50:00','2020-09-01 10:55:00',250),(1001,115,'2020-09-01 11:10:00','2020-09-01 11:15:00',250),(1001,116,'2020-09-01 11:30:00','2020-09-01 11:35:00',250),(1002,101,'2020-09-01 06:40:00','2020-09-01 06:45:00',250),(1002,102,'2020-09-01 07:00:00','2020-09-01 07:05:00',250),(1002,103,'2020-09-01 07:20:00','2020-09-01 07:25:00',250),(1002,104,'2020-09-01 07:40:00','2020-09-01 07:45:00',250),(1002,105,'2020-09-01 08:00:00','2020-09-01 08:05:00',250),(1002,106,'2020-09-01 08:20:00','2020-09-01 08:25:00',250),(1002,107,'2020-09-01 08:40:00','2020-09-01 08:45:00',250),(1002,108,'2020-09-01 09:00:00','2020-09-01 09:05:00',250),(1002,109,'2020-09-01 09:20:00','2020-09-01 09:25:00',250),(1002,110,'2020-09-01 09:40:00','2020-09-01 09:45:00',250),(1002,111,'2020-09-01 10:00:00','2020-09-01 10:05:00',250),(1002,112,'2020-09-01 10:20:00','2020-09-01 10:25:00',250),(1002,113,'2020-09-01 10:40:00','2020-09-01 10:45:00',250),(1002,114,'2020-09-01 11:00:00','2020-09-01 11:05:00',250),(1002,115,'2020-09-01 11:20:00','2020-09-01 11:25:00',250),(1002,116,'2020-09-01 11:40:00','2020-09-01 11:45:00',250),(1003,101,'2020-09-01 06:50:00','2020-09-01 06:55:00',250),(1003,102,'2020-09-01 07:10:00','2020-09-01 07:15:00',250),(1003,103,'2020-09-01 07:30:00','2020-09-01 07:35:00',250),(1003,104,'2020-09-01 07:50:00','2020-09-01 07:55:00',250),(1003,105,'2020-09-01 08:10:00','2020-09-01 08:15:00',250),(1003,106,'2020-09-01 08:30:00','2020-09-01 08:35:00',250),(1003,107,'2020-09-01 08:50:00','2020-09-01 08:55:00',250),(1003,108,'2020-09-01 09:10:00','2020-09-01 09:15:00',250),(1003,109,'2020-09-01 09:30:00','2020-09-01 09:35:00',250),(1003,110,'2020-09-01 09:50:00','2020-09-01 09:55:00',250),(1003,111,'2020-09-01 10:10:00','2020-09-01 10:15:00',250),(1003,112,'2020-09-01 10:30:00','2020-09-01 10:35:00',250),(1003,113,'2020-09-01 10:50:00','2020-09-01 10:55:00',250),(1003,114,'2020-09-01 11:10:00','2020-09-01 11:15:00',250),(1003,115,'2020-09-01 11:30:00','2020-09-01 11:35:00',250),(1003,116,'2020-09-01 11:50:00','2020-09-01 11:55:00',250),(1004,101,'2020-09-01 07:00:00','2020-09-01 07:05:00',250),(1004,102,'2020-09-01 07:20:00','2020-09-01 07:25:00',250),(1004,103,'2020-09-01 07:40:00','2020-09-01 07:45:00',250),(1004,104,'2020-09-01 08:00:00','2020-09-01 08:05:00',250),(1004,105,'2020-09-01 08:20:00','2020-09-01 08:25:00',250),(1004,106,'2020-09-01 08:40:00','2020-09-01 08:45:00',250),(1004,107,'2020-09-01 09:00:00','2020-09-01 09:05:00',250),(1004,108,'2020-09-01 09:20:00','2020-09-01 09:25:00',250),(1004,109,'2020-09-01 09:40:00','2020-09-01 09:45:00',250),(1004,110,'2020-09-01 10:00:00','2020-09-01 10:05:00',250),(1004,111,'2020-09-01 10:20:00','2020-09-01 10:25:00',250),(1004,112,'2020-09-01 10:40:00','2020-09-01 10:45:00',250),(1004,113,'2020-09-01 11:00:00','2020-09-01 11:05:00',250),(1004,114,'2020-09-01 11:20:00','2020-09-01 11:25:00',250),(1004,115,'2020-09-01 11:40:00','2020-09-01 11:45:00',250),(1004,116,'2020-09-01 12:00:00','2020-09-01 12:05:00',250),(1005,101,'2020-09-01 07:10:00','2020-09-01 07:15:00',250),(1005,102,'2020-09-01 07:30:00','2020-09-01 07:35:00',250),(1005,103,'2020-09-01 07:50:00','2020-09-01 07:55:00',250),(1005,104,'2020-09-01 08:10:00','2020-09-01 08:15:00',250),(1005,105,'2020-09-01 08:30:00','2020-09-01 08:35:00',250),(1005,106,'2020-09-01 08:50:00','2020-09-01 08:55:00',250),(1005,107,'2020-09-01 09:10:00','2020-09-01 09:15:00',250),(1005,108,'2020-09-01 09:30:00','2020-09-01 09:35:00',250),(1005,109,'2020-09-01 09:50:00','2020-09-01 09:55:00',250),(1005,110,'2020-09-01 10:10:00','2020-09-01 10:15:00',250),(1005,111,'2020-09-01 10:30:00','2020-09-01 10:35:00',250),(1005,112,'2020-09-01 10:50:00','2020-09-01 10:55:00',250),(1005,113,'2020-09-01 11:10:00','2020-09-01 11:15:00',250),(1005,114,'2020-09-01 11:30:00','2020-09-01 11:35:00',250),(1005,115,'2020-09-01 11:50:00','2020-09-01 11:55:00',250),(1005,116,'2020-09-01 12:10:00','2020-09-01 12:15:00',250),(1006,101,'2020-09-01 11:30:00','2020-09-01 11:35:00',250),(1006,102,'2020-09-01 11:10:00','2020-09-01 11:15:00',250),(1006,103,'2020-09-01 10:50:00','2020-09-01 10:55:00',250),(1006,104,'2020-09-01 10:30:00','2020-09-01 10:35:00',250),(1006,105,'2020-09-01 10:10:00','2020-09-01 10:15:00',250),(1006,106,'2020-09-01 09:50:00','2020-09-01 09:55:00',250),(1006,107,'2020-09-01 09:30:00','2020-09-01 09:35:00',250),(1006,108,'2020-09-01 09:10:00','2020-09-01 09:15:00',250),(1006,109,'2020-09-01 08:50:00','2020-09-01 08:55:00',250),(1006,110,'2020-09-01 08:30:00','2020-09-01 08:35:00',250),(1006,111,'2020-09-01 08:10:00','2020-09-01 08:15:00',250),(1006,112,'2020-09-01 07:50:00','2020-09-01 07:55:00',250),(1006,113,'2020-09-01 07:30:00','2020-09-01 07:35:00',250),(1006,114,'2020-09-01 07:10:00','2020-09-01 07:15:00',250),(1006,115,'2020-09-01 06:50:00','2020-09-01 06:55:00',250),(1006,116,'2020-09-01 06:30:00','2020-09-01 06:35:00',250),(1007,101,'2020-09-01 11:40:00','2020-09-01 11:45:00',250),(1007,102,'2020-09-01 11:20:00','2020-09-01 11:25:00',250),(1007,103,'2020-09-01 11:00:00','2020-09-01 11:05:00',250),(1007,104,'2020-09-01 10:40:00','2020-09-01 10:45:00',250),(1007,105,'2020-09-01 10:20:00','2020-09-01 10:25:00',250),(1007,106,'2020-09-01 10:00:00','2020-09-01 10:05:00',250),(1007,107,'2020-09-01 09:40:00','2020-09-01 09:45:00',250),(1007,108,'2020-09-01 09:20:00','2020-09-01 09:25:00',250),(1007,109,'2020-09-01 09:00:00','2020-09-01 09:05:00',250),(1007,110,'2020-09-01 08:40:00','2020-09-01 08:45:00',250),(1007,111,'2020-09-01 08:20:00','2020-09-01 08:25:00',250),(1007,112,'2020-09-01 08:00:00','2020-09-01 08:05:00',250),(1007,113,'2020-09-01 07:40:00','2020-09-01 07:45:00',250),(1007,114,'2020-09-01 07:20:00','2020-09-01 07:25:00',250),(1007,115,'2020-09-01 07:00:00','2020-09-01 07:05:00',250),(1007,116,'2020-09-01 06:40:00','2020-09-01 06:45:00',250),(1008,101,'2020-09-01 11:50:00','2020-09-01 11:55:00',250),(1008,102,'2020-09-01 11:30:00','2020-09-01 11:35:00',250),(1008,103,'2020-09-01 11:10:00','2020-09-01 11:15:00',250),(1008,104,'2020-09-01 10:50:00','2020-09-01 10:55:00',250),(1008,105,'2020-09-01 10:30:00','2020-09-01 10:35:00',250),(1008,106,'2020-09-01 10:10:00','2020-09-01 10:15:00',250),(1008,107,'2020-09-01 09:50:00','2020-09-01 09:55:00',250),(1008,108,'2020-09-01 09:30:00','2020-09-01 09:35:00',250),(1008,109,'2020-09-01 09:10:00','2020-09-01 09:15:00',250),(1008,110,'2020-09-01 08:50:00','2020-09-01 08:55:00',250),(1008,111,'2020-09-01 08:30:00','2020-09-01 08:35:00',250),(1008,112,'2020-09-01 08:10:00','2020-09-01 08:15:00',250),(1008,113,'2020-09-01 07:50:00','2020-09-01 07:55:00',250),(1008,114,'2020-09-01 07:30:00','2020-09-01 07:35:00',250),(1008,115,'2020-09-01 07:10:00','2020-09-01 07:15:00',250),(1008,116,'2020-09-01 06:50:00','2020-09-01 06:55:00',250),(1009,101,'2020-09-01 12:00:00','2020-09-01 12:05:00',250),(1009,102,'2020-09-01 11:40:00','2020-09-01 11:45:00',250),(1009,103,'2020-09-01 11:20:00','2020-09-01 11:25:00',250),(1009,104,'2020-09-01 11:00:00','2020-09-01 11:05:00',250),(1009,105,'2020-09-01 10:40:00','2020-09-01 10:45:00',250),(1009,106,'2020-09-01 10:20:00','2020-09-01 10:25:00',250),(1009,107,'2020-09-01 10:00:00','2020-09-01 10:05:00',250),(1009,108,'2020-09-01 09:40:00','2020-09-01 09:45:00',250),(1009,109,'2020-09-01 09:20:00','2020-09-01 09:25:00',250),(1009,110,'2020-09-01 09:00:00','2020-09-01 09:05:00',250),(1009,111,'2020-09-01 08:40:00','2020-09-01 08:45:00',250),(1009,112,'2020-09-01 08:20:00','2020-09-01 08:25:00',250),(1009,113,'2020-09-01 08:00:00','2020-09-01 08:05:00',250),(1009,114,'2020-09-01 07:40:00','2020-09-01 07:45:00',250),(1009,115,'2020-09-01 07:20:00','2020-09-01 07:25:00',250),(1009,116,'2020-09-01 07:00:00','2020-09-01 07:05:00',250),(1010,101,'2020-09-01 12:10:00','2020-09-01 12:15:00',250),(1010,102,'2020-09-01 11:50:00','2020-09-01 11:55:00',250),(1010,103,'2020-09-01 11:30:00','2020-09-01 11:35:00',250),(1010,104,'2020-09-01 11:10:00','2020-09-01 11:15:00',250),(1010,105,'2020-09-01 10:50:00','2020-09-01 10:55:00',250),(1010,106,'2020-09-01 10:30:00','2020-09-01 10:35:00',250),(1010,107,'2020-09-01 10:10:00','2020-09-01 10:15:00',250),(1010,108,'2020-09-01 09:50:00','2020-09-01 09:55:00',250),(1010,109,'2020-09-01 09:30:00','2020-09-01 09:35:00',250),(1010,110,'2020-09-01 09:10:00','2020-09-01 09:15:00',250),(1010,111,'2020-09-01 08:50:00','2020-09-01 08:55:00',250),(1010,112,'2020-09-01 08:30:00','2020-09-01 08:35:00',250),(1010,113,'2020-09-01 08:10:00','2020-09-01 08:15:00',250),(1010,114,'2020-09-01 07:50:00','2020-09-01 07:55:00',250),(1010,115,'2020-09-01 07:30:00','2020-09-01 07:35:00',250),(1010,116,'2020-09-01 07:10:00','2020-09-01 07:15:00',250),(2001,109,'2020-09-01 10:30:00','2020-09-01 10:35:00',280),(2001,201,'2020-09-01 06:30:00','2020-09-01 06:35:00',280),(2001,202,'2020-09-01 06:50:00','2020-09-01 06:55:00',280),(2001,203,'2020-09-01 07:10:00','2020-09-01 07:15:00',280),(2001,204,'2020-09-01 07:30:00','2020-09-01 07:35:00',280),(2001,205,'2020-09-01 07:50:00','2020-09-01 07:55:00',280),(2001,206,'2020-09-01 08:10:00','2020-09-01 08:15:00',280),(2001,207,'2020-09-01 08:30:00','2020-09-01 08:35:00',280),(2001,208,'2020-09-01 08:50:00','2020-09-01 08:55:00',280),(2001,209,'2020-09-01 09:10:00','2020-09-01 09:15:00',280),(2001,210,'2020-09-01 09:30:00','2020-09-01 09:35:00',280),(2001,211,'2020-09-01 09:50:00','2020-09-01 09:55:00',280),(2001,212,'2020-09-01 10:10:00','2020-09-01 10:15:00',280),(2001,214,'2020-09-01 10:50:00','2020-09-01 10:55:00',280),(2001,215,'2020-09-01 11:10:00','2020-09-01 11:15:00',280),(2001,216,'2020-09-01 11:30:00','2020-09-01 11:35:00',280),(2001,217,'2020-09-01 11:50:00','2020-09-01 11:55:00',280),(2001,218,'2020-09-01 12:10:00','2020-09-01 12:15:00',280),(2001,219,'2020-09-01 12:30:00','2020-09-01 12:35:00',280),(2001,220,'2020-09-01 12:50:00','2020-09-01 12:55:00',280),(2001,221,'2020-09-01 13:10:00','2020-09-01 13:15:00',280),(2001,222,'2020-09-01 13:30:00','2020-09-01 13:35:00',280),(2001,223,'2020-09-01 13:50:00','2020-09-01 13:55:00',280),(2001,224,'2020-09-01 14:10:00','2020-09-01 14:15:00',280),(2002,109,'2020-09-01 10:40:00','2020-09-01 10:45:00',280),(2002,201,'2020-09-01 06:40:00','2020-09-01 06:45:00',280),(2002,202,'2020-09-01 07:00:00','2020-09-01 07:05:00',280),(2002,203,'2020-09-01 07:20:00','2020-09-01 07:25:00',280),(2002,204,'2020-09-01 07:40:00','2020-09-01 07:45:00',280),(2002,205,'2020-09-01 08:00:00','2020-09-01 08:05:00',280),(2002,206,'2020-09-01 08:20:00','2020-09-01 08:25:00',280),(2002,207,'2020-09-01 08:40:00','2020-09-01 08:45:00',280),(2002,208,'2020-09-01 09:00:00','2020-09-01 09:05:00',280),(2002,209,'2020-09-01 09:20:00','2020-09-01 09:25:00',280),(2002,210,'2020-09-01 09:40:00','2020-09-01 09:45:00',280),(2002,211,'2020-09-01 10:00:00','2020-09-01 10:05:00',280),(2002,212,'2020-09-01 10:20:00','2020-09-01 10:25:00',280),(2002,214,'2020-09-01 11:00:00','2020-09-01 11:05:00',280),(2002,215,'2020-09-01 11:20:00','2020-09-01 11:25:00',280),(2002,216,'2020-09-01 11:40:00','2020-09-01 11:45:00',280),(2002,217,'2020-09-01 12:00:00','2020-09-01 12:05:00',280),(2002,218,'2020-09-01 12:20:00','2020-09-01 12:25:00',280),(2002,219,'2020-09-01 12:40:00','2020-09-01 12:45:00',280),(2002,220,'2020-09-01 13:00:00','2020-09-01 13:05:00',280),(2002,221,'2020-09-01 13:20:00','2020-09-01 13:25:00',280),(2002,222,'2020-09-01 13:40:00','2020-09-01 13:45:00',280),(2002,223,'2020-09-01 14:00:00','2020-09-01 14:05:00',280),(2002,224,'2020-09-01 14:20:00','2020-09-01 14:25:00',280),(2003,109,'2020-09-01 10:50:00','2020-09-01 10:55:00',280),(2003,201,'2020-09-01 06:50:00','2020-09-01 06:55:00',280),(2003,202,'2020-09-01 07:10:00','2020-09-01 07:15:00',280),(2003,203,'2020-09-01 07:30:00','2020-09-01 07:35:00',280),(2003,204,'2020-09-01 07:50:00','2020-09-01 07:55:00',280),(2003,205,'2020-09-01 08:10:00','2020-09-01 08:15:00',280),(2003,206,'2020-09-01 08:30:00','2020-09-01 08:35:00',280),(2003,207,'2020-09-01 08:50:00','2020-09-01 08:55:00',280),(2003,208,'2020-09-01 09:10:00','2020-09-01 09:15:00',280),(2003,209,'2020-09-01 09:30:00','2020-09-01 09:35:00',280),(2003,210,'2020-09-01 09:50:00','2020-09-01 09:55:00',280),(2003,211,'2020-09-01 10:10:00','2020-09-01 10:15:00',280),(2003,212,'2020-09-01 10:30:00','2020-09-01 10:35:00',280),(2003,214,'2020-09-01 11:10:00','2020-09-01 11:15:00',280),(2003,215,'2020-09-01 11:30:00','2020-09-01 11:35:00',280),(2003,216,'2020-09-01 11:50:00','2020-09-01 11:55:00',280),(2003,217,'2020-09-01 12:10:00','2020-09-01 12:15:00',280),(2003,218,'2020-09-01 12:30:00','2020-09-01 12:35:00',280),(2003,219,'2020-09-01 12:50:00','2020-09-01 12:55:00',280),(2003,220,'2020-09-01 13:10:00','2020-09-01 13:15:00',280),(2003,221,'2020-09-01 13:30:00','2020-09-01 13:35:00',280),(2003,222,'2020-09-01 13:50:00','2020-09-01 13:55:00',280),(2003,223,'2020-09-01 14:10:00','2020-09-01 14:15:00',280),(2003,224,'2020-09-01 14:30:00','2020-09-01 14:35:00',280),(2004,109,'2020-09-01 11:00:00','2020-09-01 11:05:00',280),(2004,201,'2020-09-01 07:00:00','2020-09-01 07:05:00',280),(2004,202,'2020-09-01 07:20:00','2020-09-01 07:25:00',280),(2004,203,'2020-09-01 07:40:00','2020-09-01 07:45:00',280),(2004,204,'2020-09-01 08:00:00','2020-09-01 08:05:00',280),(2004,205,'2020-09-01 08:20:00','2020-09-01 08:25:00',280),(2004,206,'2020-09-01 08:40:00','2020-09-01 08:45:00',280),(2004,207,'2020-09-01 09:00:00','2020-09-01 09:05:00',280),(2004,208,'2020-09-01 09:20:00','2020-09-01 09:25:00',280),(2004,209,'2020-09-01 09:40:00','2020-09-01 09:45:00',280),(2004,210,'2020-09-01 10:00:00','2020-09-01 10:05:00',280),(2004,211,'2020-09-01 10:20:00','2020-09-01 10:25:00',280),(2004,212,'2020-09-01 10:40:00','2020-09-01 10:45:00',280),(2004,214,'2020-09-01 11:20:00','2020-09-01 11:25:00',280),(2004,215,'2020-09-01 11:40:00','2020-09-01 11:45:00',280),(2004,216,'2020-09-01 12:00:00','2020-09-01 12:05:00',280),(2004,217,'2020-09-01 12:20:00','2020-09-01 12:25:00',280),(2004,218,'2020-09-01 12:40:00','2020-09-01 12:45:00',280),(2004,219,'2020-09-01 13:00:00','2020-09-01 13:05:00',280),(2004,220,'2020-09-01 13:20:00','2020-09-01 13:25:00',280),(2004,221,'2020-09-01 13:40:00','2020-09-01 13:45:00',280),(2004,222,'2020-09-01 14:00:00','2020-09-01 14:05:00',280),(2004,223,'2020-09-01 14:20:00','2020-09-01 14:25:00',280),(2004,224,'2020-09-01 14:40:00','2020-09-01 14:45:00',280),(2005,109,'2020-09-01 11:10:00','2020-09-01 11:15:00',280),(2005,201,'2020-09-01 07:10:00','2020-09-01 07:15:00',280),(2005,202,'2020-09-01 07:30:00','2020-09-01 07:35:00',280),(2005,203,'2020-09-01 07:50:00','2020-09-01 07:55:00',280),(2005,204,'2020-09-01 08:10:00','2020-09-01 08:15:00',280),(2005,205,'2020-09-01 08:30:00','2020-09-01 08:35:00',280),(2005,206,'2020-09-01 08:50:00','2020-09-01 08:55:00',280),(2005,207,'2020-09-01 09:10:00','2020-09-01 09:15:00',280),(2005,208,'2020-09-01 09:30:00','2020-09-01 09:35:00',280),(2005,209,'2020-09-01 09:50:00','2020-09-01 09:55:00',280),(2005,210,'2020-09-01 10:10:00','2020-09-01 10:15:00',280),(2005,211,'2020-09-01 10:30:00','2020-09-01 10:35:00',280),(2005,212,'2020-09-01 10:50:00','2020-09-01 10:55:00',280),(2005,214,'2020-09-01 11:30:00','2020-09-01 11:35:00',280),(2005,215,'2020-09-01 11:50:00','2020-09-01 11:55:00',280),(2005,216,'2020-09-01 12:10:00','2020-09-01 12:15:00',280),(2005,217,'2020-09-01 12:30:00','2020-09-01 12:35:00',280),(2005,218,'2020-09-01 12:50:00','2020-09-01 12:55:00',280),(2005,219,'2020-09-01 13:10:00','2020-09-01 13:15:00',280),(2005,220,'2020-09-01 13:30:00','2020-09-01 13:35:00',280),(2005,221,'2020-09-01 13:50:00','2020-09-01 13:55:00',280),(2005,222,'2020-09-01 14:10:00','2020-09-01 14:15:00',280),(2005,223,'2020-09-01 14:30:00','2020-09-01 14:35:00',280),(2005,224,'2020-09-01 14:50:00','2020-09-01 14:55:00',280),(2006,109,'2020-09-01 10:10:00','2020-09-01 10:15:00',280),(2006,201,'2020-09-01 14:10:00','2020-09-01 14:15:00',280),(2006,202,'2020-09-01 13:50:00','2020-09-01 13:55:00',280),(2006,203,'2020-09-01 13:30:00','2020-09-01 13:35:00',280),(2006,204,'2020-09-01 13:10:00','2020-09-01 13:15:00',280),(2006,205,'2020-09-01 12:50:00','2020-09-01 12:55:00',280),(2006,206,'2020-09-01 12:30:00','2020-09-01 12:35:00',280),(2006,207,'2020-09-01 12:10:00','2020-09-01 12:15:00',280),(2006,208,'2020-09-01 11:50:00','2020-09-01 11:55:00',280),(2006,209,'2020-09-01 11:30:00','2020-09-01 11:35:00',280),(2006,210,'2020-09-01 11:10:00','2020-09-01 11:15:00',280),(2006,211,'2020-09-01 10:50:00','2020-09-01 10:55:00',280),(2006,212,'2020-09-01 10:30:00','2020-09-01 10:35:00',280),(2006,214,'2020-09-01 09:50:00','2020-09-01 09:55:00',280),(2006,215,'2020-09-01 09:30:00','2020-09-01 09:35:00',280),(2006,216,'2020-09-01 09:10:00','2020-09-01 09:15:00',280),(2006,217,'2020-09-01 08:50:00','2020-09-01 08:55:00',280),(2006,218,'2020-09-01 08:30:00','2020-09-01 08:35:00',280),(2006,219,'2020-09-01 08:10:00','2020-09-01 08:15:00',280),(2006,220,'2020-09-01 07:50:00','2020-09-01 07:55:00',280),(2006,221,'2020-09-01 07:30:00','2020-09-01 07:35:00',280),(2006,222,'2020-09-01 07:10:00','2020-09-01 07:15:00',280),(2006,223,'2020-09-01 06:50:00','2020-09-01 06:55:00',280),(2006,224,'2020-09-01 06:30:00','2020-09-01 06:35:00',280),(2007,109,'2020-09-01 10:20:00','2020-09-01 10:25:00',280),(2007,201,'2020-09-01 14:20:00','2020-09-01 14:25:00',280),(2007,202,'2020-09-01 14:00:00','2020-09-01 14:05:00',280),(2007,203,'2020-09-01 13:40:00','2020-09-01 13:45:00',280),(2007,204,'2020-09-01 13:20:00','2020-09-01 13:25:00',280),(2007,205,'2020-09-01 13:00:00','2020-09-01 13:05:00',280),(2007,206,'2020-09-01 12:40:00','2020-09-01 12:45:00',280),(2007,207,'2020-09-01 12:20:00','2020-09-01 12:25:00',280),(2007,208,'2020-09-01 12:00:00','2020-09-01 12:05:00',280),(2007,209,'2020-09-01 11:40:00','2020-09-01 11:45:00',280),(2007,210,'2020-09-01 11:20:00','2020-09-01 11:25:00',280),(2007,211,'2020-09-01 11:00:00','2020-09-01 11:05:00',280),(2007,212,'2020-09-01 10:40:00','2020-09-01 10:45:00',280),(2007,214,'2020-09-01 10:00:00','2020-09-01 10:05:00',280),(2007,215,'2020-09-01 09:40:00','2020-09-01 09:45:00',280),(2007,216,'2020-09-01 09:20:00','2020-09-01 09:25:00',280),(2007,217,'2020-09-01 09:00:00','2020-09-01 09:05:00',280),(2007,218,'2020-09-01 08:40:00','2020-09-01 08:45:00',280),(2007,219,'2020-09-01 08:20:00','2020-09-01 08:25:00',280),(2007,220,'2020-09-01 08:00:00','2020-09-01 08:05:00',280),(2007,221,'2020-09-01 07:40:00','2020-09-01 07:45:00',280),(2007,222,'2020-09-01 07:20:00','2020-09-01 07:25:00',280),(2007,223,'2020-09-01 07:00:00','2020-09-01 07:05:00',280),(2007,224,'2020-09-01 06:40:00','2020-09-01 06:45:00',280),(2008,109,'2020-09-01 10:30:00','2020-09-01 10:35:00',280),(2008,201,'2020-09-01 14:30:00','2020-09-01 14:35:00',280),(2008,202,'2020-09-01 14:10:00','2020-09-01 14:15:00',280),(2008,203,'2020-09-01 13:50:00','2020-09-01 13:55:00',280),(2008,204,'2020-09-01 13:30:00','2020-09-01 13:35:00',280),(2008,205,'2020-09-01 13:10:00','2020-09-01 13:15:00',280),(2008,206,'2020-09-01 12:50:00','2020-09-01 12:55:00',280),(2008,207,'2020-09-01 12:30:00','2020-09-01 12:35:00',280),(2008,208,'2020-09-01 12:10:00','2020-09-01 12:15:00',280),(2008,209,'2020-09-01 11:50:00','2020-09-01 11:55:00',280),(2008,210,'2020-09-01 11:30:00','2020-09-01 11:35:00',280),(2008,211,'2020-09-01 11:10:00','2020-09-01 11:15:00',280),(2008,212,'2020-09-01 10:50:00','2020-09-01 10:55:00',280),(2008,214,'2020-09-01 10:10:00','2020-09-01 10:15:00',280),(2008,215,'2020-09-01 09:50:00','2020-09-01 09:55:00',280),(2008,216,'2020-09-01 09:30:00','2020-09-01 09:35:00',280),(2008,217,'2020-09-01 09:10:00','2020-09-01 09:15:00',280),(2008,218,'2020-09-01 08:50:00','2020-09-01 08:55:00',280),(2008,219,'2020-09-01 08:30:00','2020-09-01 08:35:00',280),(2008,220,'2020-09-01 08:10:00','2020-09-01 08:15:00',280),(2008,221,'2020-09-01 07:50:00','2020-09-01 07:55:00',280),(2008,222,'2020-09-01 07:30:00','2020-09-01 07:35:00',280),(2008,223,'2020-09-01 07:10:00','2020-09-01 07:15:00',280),(2008,224,'2020-09-01 06:50:00','2020-09-01 06:55:00',280),(2009,109,'2020-09-01 10:40:00','2020-09-01 10:45:00',280),(2009,201,'2020-09-01 14:40:00','2020-09-01 14:45:00',280),(2009,202,'2020-09-01 14:20:00','2020-09-01 14:25:00',280),(2009,203,'2020-09-01 14:00:00','2020-09-01 14:05:00',280),(2009,204,'2020-09-01 13:40:00','2020-09-01 13:45:00',280),(2009,205,'2020-09-01 13:20:00','2020-09-01 13:25:00',280),(2009,206,'2020-09-01 13:00:00','2020-09-01 13:05:00',280),(2009,207,'2020-09-01 12:40:00','2020-09-01 12:45:00',280),(2009,208,'2020-09-01 12:20:00','2020-09-01 12:25:00',280),(2009,209,'2020-09-01 12:00:00','2020-09-01 12:05:00',280),(2009,210,'2020-09-01 11:40:00','2020-09-01 11:45:00',280),(2009,211,'2020-09-01 11:20:00','2020-09-01 11:25:00',280),(2009,212,'2020-09-01 11:00:00','2020-09-01 11:05:00',280),(2009,214,'2020-09-01 10:20:00','2020-09-01 10:25:00',280),(2009,215,'2020-09-01 10:00:00','2020-09-01 10:05:00',280),(2009,216,'2020-09-01 09:40:00','2020-09-01 09:45:00',280),(2009,217,'2020-09-01 09:20:00','2020-09-01 09:25:00',280),(2009,218,'2020-09-01 09:00:00','2020-09-01 09:05:00',280),(2009,219,'2020-09-01 08:40:00','2020-09-01 08:45:00',280),(2009,220,'2020-09-01 08:20:00','2020-09-01 08:25:00',280),(2009,221,'2020-09-01 08:00:00','2020-09-01 08:05:00',280),(2009,222,'2020-09-01 07:40:00','2020-09-01 07:45:00',280),(2009,223,'2020-09-01 07:20:00','2020-09-01 07:25:00',280),(2009,224,'2020-09-01 07:00:00','2020-09-01 07:05:00',280),(2010,109,'2020-09-01 10:50:00','2020-09-01 10:55:00',280),(2010,201,'2020-09-01 14:50:00','2020-09-01 14:55:00',280),(2010,202,'2020-09-01 14:30:00','2020-09-01 14:35:00',280),(2010,203,'2020-09-01 14:10:00','2020-09-01 14:15:00',280),(2010,204,'2020-09-01 13:50:00','2020-09-01 13:55:00',280),(2010,205,'2020-09-01 13:30:00','2020-09-01 13:35:00',280),(2010,206,'2020-09-01 13:10:00','2020-09-01 13:15:00',280),(2010,207,'2020-09-01 12:50:00','2020-09-01 12:55:00',280),(2010,208,'2020-09-01 12:30:00','2020-09-01 12:35:00',280),(2010,209,'2020-09-01 12:10:00','2020-09-01 12:15:00',280),(2010,210,'2020-09-01 11:50:00','2020-09-01 11:55:00',280),(2010,211,'2020-09-01 11:30:00','2020-09-01 11:35:00',280),(2010,212,'2020-09-01 11:10:00','2020-09-01 11:15:00',280),(2010,214,'2020-09-01 10:30:00','2020-09-01 10:35:00',280),(2010,215,'2020-09-01 10:10:00','2020-09-01 10:15:00',280),(2010,216,'2020-09-01 09:50:00','2020-09-01 09:55:00',280),(2010,217,'2020-09-01 09:30:00','2020-09-01 09:35:00',280),(2010,218,'2020-09-01 09:10:00','2020-09-01 09:15:00',280),(2010,219,'2020-09-01 08:50:00','2020-09-01 08:55:00',280),(2010,220,'2020-09-01 08:30:00','2020-09-01 08:35:00',280),(2010,221,'2020-09-01 08:10:00','2020-09-01 08:15:00',280),(2010,222,'2020-09-01 07:50:00','2020-09-01 07:55:00',280),(2010,223,'2020-09-01 07:30:00','2020-09-01 07:35:00',280),(2010,224,'2020-09-01 07:10:00','2020-09-01 07:15:00',280),(3001,114,'2020-09-01 09:50:00','2020-09-01 09:55:00',250),(3001,301,'2020-09-01 06:30:00','2020-09-01 06:35:00',250),(3001,302,'2020-09-01 06:50:00','2020-09-01 06:55:00',250),(3001,303,'2020-09-01 07:10:00','2020-09-01 07:15:00',250),(3001,304,'2020-09-01 07:30:00','2020-09-01 07:35:00',250),(3001,305,'2020-09-01 07:50:00','2020-09-01 07:55:00',250),(3001,306,'2020-09-01 08:10:00','2020-09-01 08:15:00',250),(3001,307,'2020-09-01 08:30:00','2020-09-01 08:35:00',250),(3001,308,'2020-09-01 08:50:00','2020-09-01 08:55:00',250),(3001,309,'2020-09-01 09:10:00','2020-09-01 09:15:00',250),(3001,310,'2020-09-01 09:30:00','2020-09-01 09:35:00',250),(3001,312,'2020-09-01 10:10:00','2020-09-01 10:15:00',250),(3001,313,'2020-09-01 10:30:00','2020-09-01 10:35:00',250),(3001,314,'2020-09-01 10:50:00','2020-09-01 10:55:00',250),(3001,315,'2020-09-01 11:10:00','2020-09-01 11:15:00',250),(3001,316,'2020-09-01 11:30:00','2020-09-01 11:35:00',250),(3002,114,'2020-09-01 10:00:00','2020-09-01 10:05:00',250),(3002,301,'2020-09-01 06:40:00','2020-09-01 06:45:00',250),(3002,302,'2020-09-01 07:00:00','2020-09-01 07:05:00',250),(3002,303,'2020-09-01 07:20:00','2020-09-01 07:25:00',250),(3002,304,'2020-09-01 07:40:00','2020-09-01 07:45:00',250),(3002,305,'2020-09-01 08:00:00','2020-09-01 08:05:00',250),(3002,306,'2020-09-01 08:20:00','2020-09-01 08:25:00',250),(3002,307,'2020-09-01 08:40:00','2020-09-01 08:45:00',250),(3002,308,'2020-09-01 09:00:00','2020-09-01 09:05:00',250),(3002,309,'2020-09-01 09:20:00','2020-09-01 09:25:00',250),(3002,310,'2020-09-01 09:40:00','2020-09-01 09:45:00',250),(3002,312,'2020-09-01 10:20:00','2020-09-01 10:25:00',250),(3002,313,'2020-09-01 10:40:00','2020-09-01 10:45:00',250),(3002,314,'2020-09-01 11:00:00','2020-09-01 11:05:00',250),(3002,315,'2020-09-01 11:20:00','2020-09-01 11:25:00',250),(3002,316,'2020-09-01 11:40:00','2020-09-01 11:45:00',250),(3003,114,'2020-09-01 10:10:00','2020-09-01 10:15:00',250),(3003,301,'2020-09-01 06:50:00','2020-09-01 06:55:00',250),(3003,302,'2020-09-01 07:10:00','2020-09-01 07:15:00',250),(3003,303,'2020-09-01 07:30:00','2020-09-01 07:35:00',250),(3003,304,'2020-09-01 07:50:00','2020-09-01 07:55:00',250),(3003,305,'2020-09-01 08:10:00','2020-09-01 08:15:00',250),(3003,306,'2020-09-01 08:30:00','2020-09-01 08:35:00',250),(3003,307,'2020-09-01 08:50:00','2020-09-01 08:55:00',250),(3003,308,'2020-09-01 09:10:00','2020-09-01 09:15:00',250),(3003,309,'2020-09-01 09:30:00','2020-09-01 09:35:00',250),(3003,310,'2020-09-01 09:50:00','2020-09-01 09:55:00',250),(3003,312,'2020-09-01 10:30:00','2020-09-01 10:35:00',250),(3003,313,'2020-09-01 10:50:00','2020-09-01 10:55:00',250),(3003,314,'2020-09-01 11:10:00','2020-09-01 11:15:00',250),(3003,315,'2020-09-01 11:30:00','2020-09-01 11:35:00',250),(3003,316,'2020-09-01 11:50:00','2020-09-01 11:55:00',250),(3004,114,'2020-09-01 10:20:00','2020-09-01 10:25:00',250),(3004,301,'2020-09-01 07:00:00','2020-09-01 07:05:00',250),(3004,302,'2020-09-01 07:20:00','2020-09-01 07:25:00',250),(3004,303,'2020-09-01 07:40:00','2020-09-01 07:45:00',250),(3004,304,'2020-09-01 08:00:00','2020-09-01 08:05:00',250),(3004,305,'2020-09-01 08:20:00','2020-09-01 08:25:00',250),(3004,306,'2020-09-01 08:40:00','2020-09-01 08:45:00',250),(3004,307,'2020-09-01 09:00:00','2020-09-01 09:05:00',250),(3004,308,'2020-09-01 09:20:00','2020-09-01 09:25:00',250),(3004,309,'2020-09-01 09:40:00','2020-09-01 09:45:00',250),(3004,310,'2020-09-01 10:00:00','2020-09-01 10:05:00',250),(3004,312,'2020-09-01 10:40:00','2020-09-01 10:45:00',250),(3004,313,'2020-09-01 11:00:00','2020-09-01 11:05:00',250),(3004,314,'2020-09-01 11:20:00','2020-09-01 11:25:00',250),(3004,315,'2020-09-01 11:40:00','2020-09-01 11:45:00',250),(3004,316,'2020-09-01 12:00:00','2020-09-01 12:05:00',250),(3005,114,'2020-09-01 10:30:00','2020-09-01 10:35:00',250),(3005,301,'2020-09-01 07:10:00','2020-09-01 07:15:00',250),(3005,302,'2020-09-01 07:30:00','2020-09-01 07:35:00',250),(3005,303,'2020-09-01 07:50:00','2020-09-01 07:55:00',250),(3005,304,'2020-09-01 08:10:00','2020-09-01 08:15:00',250),(3005,305,'2020-09-01 08:30:00','2020-09-01 08:35:00',250),(3005,306,'2020-09-01 08:50:00','2020-09-01 08:55:00',250),(3005,307,'2020-09-01 09:10:00','2020-09-01 09:15:00',250),(3005,308,'2020-09-01 09:30:00','2020-09-01 09:35:00',250),(3005,309,'2020-09-01 09:50:00','2020-09-01 09:55:00',250),(3005,310,'2020-09-01 10:10:00','2020-09-01 10:15:00',250),(3005,312,'2020-09-01 10:50:00','2020-09-01 10:55:00',250),(3005,313,'2020-09-01 11:10:00','2020-09-01 11:15:00',250),(3005,314,'2020-09-01 11:30:00','2020-09-01 11:35:00',250),(3005,315,'2020-09-01 11:50:00','2020-09-01 11:55:00',250),(3005,316,'2020-09-01 12:10:00','2020-09-01 12:15:00',250),(3006,114,'2020-09-01 08:10:00','2020-09-01 08:15:00',250),(3006,301,'2020-09-01 11:30:00','2020-09-01 11:35:00',250),(3006,302,'2020-09-01 11:10:00','2020-09-01 11:15:00',250),(3006,303,'2020-09-01 10:50:00','2020-09-01 10:55:00',250),(3006,304,'2020-09-01 10:30:00','2020-09-01 10:35:00',250),(3006,305,'2020-09-01 10:10:00','2020-09-01 10:15:00',250),(3006,306,'2020-09-01 09:50:00','2020-09-01 09:55:00',250),(3006,307,'2020-09-01 09:30:00','2020-09-01 09:35:00',250),(3006,308,'2020-09-01 09:10:00','2020-09-01 09:15:00',250),(3006,309,'2020-09-01 08:50:00','2020-09-01 08:55:00',250),(3006,310,'2020-09-01 08:30:00','2020-09-01 08:35:00',250),(3006,312,'2020-09-01 07:50:00','2020-09-01 07:55:00',250),(3006,313,'2020-09-01 07:30:00','2020-09-01 07:35:00',250),(3006,314,'2020-09-01 07:10:00','2020-09-01 07:15:00',250),(3006,315,'2020-09-01 06:50:00','2020-09-01 06:55:00',250),(3006,316,'2020-09-01 06:30:00','2020-09-01 06:35:00',250),(3007,114,'2020-09-01 08:20:00','2020-09-01 08:25:00',250),(3007,301,'2020-09-01 11:40:00','2020-09-01 11:45:00',250),(3007,302,'2020-09-01 11:20:00','2020-09-01 11:25:00',250),(3007,303,'2020-09-01 11:00:00','2020-09-01 11:05:00',250),(3007,304,'2020-09-01 10:40:00','2020-09-01 10:45:00',250),(3007,305,'2020-09-01 10:20:00','2020-09-01 10:25:00',250),(3007,306,'2020-09-01 10:00:00','2020-09-01 10:05:00',250),(3007,307,'2020-09-01 09:40:00','2020-09-01 09:45:00',250),(3007,308,'2020-09-01 09:20:00','2020-09-01 09:25:00',250),(3007,309,'2020-09-01 09:00:00','2020-09-01 09:05:00',250),(3007,310,'2020-09-01 08:40:00','2020-09-01 08:45:00',250),(3007,312,'2020-09-01 08:00:00','2020-09-01 08:05:00',250),(3007,313,'2020-09-01 07:40:00','2020-09-01 07:45:00',250),(3007,314,'2020-09-01 07:20:00','2020-09-01 07:25:00',250),(3007,315,'2020-09-01 07:00:00','2020-09-01 07:05:00',250),(3007,316,'2020-09-01 06:40:00','2020-09-01 06:45:00',250),(3008,114,'2020-09-01 08:30:00','2020-09-01 08:35:00',250),(3008,301,'2020-09-01 11:50:00','2020-09-01 11:55:00',250),(3008,302,'2020-09-01 11:30:00','2020-09-01 11:35:00',250),(3008,303,'2020-09-01 11:10:00','2020-09-01 11:15:00',250),(3008,304,'2020-09-01 10:50:00','2020-09-01 10:55:00',250),(3008,305,'2020-09-01 10:30:00','2020-09-01 10:35:00',250),(3008,306,'2020-09-01 10:10:00','2020-09-01 10:15:00',250),(3008,307,'2020-09-01 09:50:00','2020-09-01 09:55:00',250),(3008,308,'2020-09-01 09:30:00','2020-09-01 09:35:00',250),(3008,309,'2020-09-01 09:10:00','2020-09-01 09:15:00',250),(3008,310,'2020-09-01 08:50:00','2020-09-01 08:55:00',250),(3008,312,'2020-09-01 08:10:00','2020-09-01 08:15:00',250),(3008,313,'2020-09-01 07:50:00','2020-09-01 07:55:00',250),(3008,314,'2020-09-01 07:30:00','2020-09-01 07:35:00',250),(3008,315,'2020-09-01 07:10:00','2020-09-01 07:15:00',250),(3008,316,'2020-09-01 06:50:00','2020-09-01 06:55:00',250),(3009,114,'2020-09-01 08:40:00','2020-09-01 08:45:00',250),(3009,301,'2020-09-01 12:00:00','2020-09-01 12:05:00',250),(3009,302,'2020-09-01 11:40:00','2020-09-01 11:45:00',250),(3009,303,'2020-09-01 11:20:00','2020-09-01 11:25:00',250),(3009,304,'2020-09-01 11:00:00','2020-09-01 11:05:00',250),(3009,305,'2020-09-01 10:40:00','2020-09-01 10:45:00',250),(3009,306,'2020-09-01 10:20:00','2020-09-01 10:25:00',250),(3009,307,'2020-09-01 10:00:00','2020-09-01 10:05:00',250),(3009,308,'2020-09-01 09:40:00','2020-09-01 09:45:00',250),(3009,309,'2020-09-01 09:20:00','2020-09-01 09:25:00',250),(3009,310,'2020-09-01 09:00:00','2020-09-01 09:05:00',250),(3009,312,'2020-09-01 08:20:00','2020-09-01 08:25:00',250),(3009,313,'2020-09-01 08:00:00','2020-09-01 08:05:00',250),(3009,314,'2020-09-01 07:40:00','2020-09-01 07:45:00',250),(3009,315,'2020-09-01 07:20:00','2020-09-01 07:25:00',250),(3009,316,'2020-09-01 07:00:00','2020-09-01 07:05:00',250),(3010,114,'2020-09-01 08:50:00','2020-09-01 08:55:00',250),(3010,301,'2020-09-01 12:10:00','2020-09-01 12:15:00',250),(3010,302,'2020-09-01 11:50:00','2020-09-01 11:55:00',250),(3010,303,'2020-09-01 11:30:00','2020-09-01 11:35:00',250),(3010,304,'2020-09-01 11:10:00','2020-09-01 11:15:00',250),(3010,305,'2020-09-01 10:50:00','2020-09-01 10:55:00',250),(3010,306,'2020-09-01 10:30:00','2020-09-01 10:35:00',250),(3010,307,'2020-09-01 10:10:00','2020-09-01 10:15:00',250),(3010,308,'2020-09-01 09:50:00','2020-09-01 09:55:00',250),(3010,309,'2020-09-01 09:30:00','2020-09-01 09:35:00',250),(3010,310,'2020-09-01 09:10:00','2020-09-01 09:15:00',250),(3010,312,'2020-09-01 08:30:00','2020-09-01 08:35:00',250),(3010,313,'2020-09-01 08:10:00','2020-09-01 08:15:00',250),(3010,314,'2020-09-01 07:50:00','2020-09-01 07:55:00',250),(3010,315,'2020-09-01 07:30:00','2020-09-01 07:35:00',250),(3010,316,'2020-09-01 07:10:00','2020-09-01 07:15:00',250),(4001,401,'2020-09-01 06:30:00','2020-09-01 06:35:00',280),(4001,402,'2020-09-01 06:50:00','2020-09-01 06:55:00',280),(4001,403,'2020-09-01 07:10:00','2020-09-01 07:15:00',280),(4001,404,'2020-09-01 07:30:00','2020-09-01 07:35:00',280),(4001,405,'2020-09-01 07:50:00','2020-09-01 07:55:00',280),(4001,406,'2020-09-01 08:10:00','2020-09-01 08:15:00',280),(4001,407,'2020-09-01 08:30:00','2020-09-01 08:35:00',280),(4001,408,'2020-09-01 08:50:00','2020-09-01 08:55:00',280),(4001,409,'2020-09-01 09:10:00','2020-09-01 09:15:00',280),(4001,410,'2020-09-01 09:30:00','2020-09-01 09:35:00',280),(4001,411,'2020-09-01 09:50:00','2020-09-01 09:55:00',280),(4001,412,'2020-09-01 10:10:00','2020-09-01 10:15:00',280),(4001,413,'2020-09-01 10:30:00','2020-09-01 10:35:00',280),(4001,414,'2020-09-01 10:50:00','2020-09-01 10:55:00',280),(4001,415,'2020-09-01 11:10:00','2020-09-01 11:15:00',280),(4001,416,'2020-09-01 11:30:00','2020-09-01 11:35:00',280),(4001,417,'2020-09-01 11:50:00','2020-09-01 11:55:00',280),(4001,418,'2020-09-01 12:10:00','2020-09-01 12:15:00',280),(4001,419,'2020-09-01 12:30:00','2020-09-01 12:35:00',280),(4001,420,'2020-09-01 12:50:00','2020-09-01 12:55:00',280),(4001,421,'2020-09-01 13:10:00','2020-09-01 13:15:00',280),(4001,422,'2020-09-01 13:30:00','2020-09-01 13:35:00',280),(4001,423,'2020-09-01 13:50:00','2020-09-01 13:55:00',280),(4001,424,'2020-09-01 14:10:00','2020-09-01 14:15:00',280),(4002,401,'2020-09-01 06:40:00','2020-09-01 06:45:00',280),(4002,402,'2020-09-01 07:00:00','2020-09-01 07:05:00',280),(4002,403,'2020-09-01 07:20:00','2020-09-01 07:25:00',280),(4002,404,'2020-09-01 07:40:00','2020-09-01 07:45:00',280),(4002,405,'2020-09-01 08:00:00','2020-09-01 08:05:00',280),(4002,406,'2020-09-01 08:20:00','2020-09-01 08:25:00',280),(4002,407,'2020-09-01 08:40:00','2020-09-01 08:45:00',280),(4002,408,'2020-09-01 09:00:00','2020-09-01 09:05:00',280),(4002,409,'2020-09-01 09:20:00','2020-09-01 09:25:00',280),(4002,410,'2020-09-01 09:40:00','2020-09-01 09:45:00',280),(4002,411,'2020-09-01 10:00:00','2020-09-01 10:05:00',280),(4002,412,'2020-09-01 10:20:00','2020-09-01 10:25:00',280),(4002,413,'2020-09-01 10:40:00','2020-09-01 10:45:00',280),(4002,414,'2020-09-01 11:00:00','2020-09-01 11:05:00',280),(4002,415,'2020-09-01 11:20:00','2020-09-01 11:25:00',280),(4002,416,'2020-09-01 11:40:00','2020-09-01 11:45:00',280),(4002,417,'2020-09-01 12:00:00','2020-09-01 12:05:00',280),(4002,418,'2020-09-01 12:20:00','2020-09-01 12:25:00',280),(4002,419,'2020-09-01 12:40:00','2020-09-01 12:45:00',280),(4002,420,'2020-09-01 13:00:00','2020-09-01 13:05:00',280),(4002,421,'2020-09-01 13:20:00','2020-09-01 13:25:00',280),(4002,422,'2020-09-01 13:40:00','2020-09-01 13:45:00',280),(4002,423,'2020-09-01 14:00:00','2020-09-01 14:05:00',280),(4002,424,'2020-09-01 14:20:00','2020-09-01 14:25:00',280),(4003,401,'2020-09-01 06:50:00','2020-09-01 06:55:00',280),(4003,402,'2020-09-01 07:10:00','2020-09-01 07:15:00',280),(4003,403,'2020-09-01 07:30:00','2020-09-01 07:35:00',280),(4003,404,'2020-09-01 07:50:00','2020-09-01 07:55:00',280),(4003,405,'2020-09-01 08:10:00','2020-09-01 08:15:00',280),(4003,406,'2020-09-01 08:30:00','2020-09-01 08:35:00',280),(4003,407,'2020-09-01 08:50:00','2020-09-01 08:55:00',280),(4003,408,'2020-09-01 09:10:00','2020-09-01 09:15:00',280),(4003,409,'2020-09-01 09:30:00','2020-09-01 09:35:00',280),(4003,410,'2020-09-01 09:50:00','2020-09-01 09:55:00',280),(4003,411,'2020-09-01 10:10:00','2020-09-01 10:15:00',280),(4003,412,'2020-09-01 10:30:00','2020-09-01 10:35:00',280),(4003,413,'2020-09-01 10:50:00','2020-09-01 10:55:00',280),(4003,414,'2020-09-01 11:10:00','2020-09-01 11:15:00',280),(4003,415,'2020-09-01 11:30:00','2020-09-01 11:35:00',280),(4003,416,'2020-09-01 11:50:00','2020-09-01 11:55:00',280),(4003,417,'2020-09-01 12:10:00','2020-09-01 12:15:00',280),(4003,418,'2020-09-01 12:30:00','2020-09-01 12:35:00',280),(4003,419,'2020-09-01 12:50:00','2020-09-01 12:55:00',280),(4003,420,'2020-09-01 13:10:00','2020-09-01 13:15:00',280),(4003,421,'2020-09-01 13:30:00','2020-09-01 13:35:00',280),(4003,422,'2020-09-01 13:50:00','2020-09-01 13:55:00',280),(4003,423,'2020-09-01 14:10:00','2020-09-01 14:15:00',280),(4003,424,'2020-09-01 14:30:00','2020-09-01 14:35:00',280),(4004,401,'2020-09-01 07:00:00','2020-09-01 07:05:00',280),(4004,402,'2020-09-01 07:20:00','2020-09-01 07:25:00',280),(4004,403,'2020-09-01 07:40:00','2020-09-01 07:45:00',280),(4004,404,'2020-09-01 08:00:00','2020-09-01 08:05:00',280),(4004,405,'2020-09-01 08:20:00','2020-09-01 08:25:00',280),(4004,406,'2020-09-01 08:40:00','2020-09-01 08:45:00',280),(4004,407,'2020-09-01 09:00:00','2020-09-01 09:05:00',280),(4004,408,'2020-09-01 09:20:00','2020-09-01 09:25:00',280),(4004,409,'2020-09-01 09:40:00','2020-09-01 09:45:00',280),(4004,410,'2020-09-01 10:00:00','2020-09-01 10:05:00',280),(4004,411,'2020-09-01 10:20:00','2020-09-01 10:25:00',280),(4004,412,'2020-09-01 10:40:00','2020-09-01 10:45:00',280),(4004,413,'2020-09-01 11:00:00','2020-09-01 11:05:00',280),(4004,414,'2020-09-01 11:20:00','2020-09-01 11:25:00',280),(4004,415,'2020-09-01 11:40:00','2020-09-01 11:45:00',280),(4004,416,'2020-09-01 12:00:00','2020-09-01 12:05:00',280),(4004,417,'2020-09-01 12:20:00','2020-09-01 12:25:00',280),(4004,418,'2020-09-01 12:40:00','2020-09-01 12:45:00',280),(4004,419,'2020-09-01 13:00:00','2020-09-01 13:05:00',280),(4004,420,'2020-09-01 13:20:00','2020-09-01 13:25:00',280),(4004,421,'2020-09-01 13:40:00','2020-09-01 13:45:00',280),(4004,422,'2020-09-01 14:00:00','2020-09-01 14:05:00',280),(4004,423,'2020-09-01 14:20:00','2020-09-01 14:25:00',280),(4004,424,'2020-09-01 14:40:00','2020-09-01 14:45:00',280),(4005,401,'2020-09-01 07:10:00','2020-09-01 07:15:00',280),(4005,402,'2020-09-01 07:30:00','2020-09-01 07:35:00',280),(4005,403,'2020-09-01 07:50:00','2020-09-01 07:55:00',280),(4005,404,'2020-09-01 08:10:00','2020-09-01 08:15:00',280),(4005,405,'2020-09-01 08:30:00','2020-09-01 08:35:00',280),(4005,406,'2020-09-01 08:50:00','2020-09-01 08:55:00',280),(4005,407,'2020-09-01 09:10:00','2020-09-01 09:15:00',280),(4005,408,'2020-09-01 09:30:00','2020-09-01 09:35:00',280),(4005,409,'2020-09-01 09:50:00','2020-09-01 09:55:00',280),(4005,410,'2020-09-01 10:10:00','2020-09-01 10:15:00',280),(4005,411,'2020-09-01 10:30:00','2020-09-01 10:35:00',280),(4005,412,'2020-09-01 10:50:00','2020-09-01 10:55:00',280),(4005,413,'2020-09-01 11:10:00','2020-09-01 11:15:00',280),(4005,414,'2020-09-01 11:30:00','2020-09-01 11:35:00',280),(4005,415,'2020-09-01 11:50:00','2020-09-01 11:55:00',280),(4005,416,'2020-09-01 12:10:00','2020-09-01 12:15:00',280),(4005,417,'2020-09-01 12:30:00','2020-09-01 12:35:00',280),(4005,418,'2020-09-01 12:50:00','2020-09-01 12:55:00',280),(4005,419,'2020-09-01 13:10:00','2020-09-01 13:15:00',280),(4005,420,'2020-09-01 13:30:00','2020-09-01 13:35:00',280),(4005,421,'2020-09-01 13:50:00','2020-09-01 13:55:00',280),(4005,422,'2020-09-01 14:10:00','2020-09-01 14:15:00',280),(4005,423,'2020-09-01 14:30:00','2020-09-01 14:35:00',280),(4005,424,'2020-09-01 14:50:00','2020-09-01 14:55:00',280),(4006,401,'2020-09-01 14:10:00','2020-09-01 14:15:00',280),(4006,402,'2020-09-01 13:50:00','2020-09-01 13:55:00',280),(4006,403,'2020-09-01 13:30:00','2020-09-01 13:35:00',280),(4006,404,'2020-09-01 13:10:00','2020-09-01 13:15:00',280),(4006,405,'2020-09-01 12:50:00','2020-09-01 12:55:00',280),(4006,406,'2020-09-01 12:30:00','2020-09-01 12:35:00',280),(4006,407,'2020-09-01 12:10:00','2020-09-01 12:15:00',280),(4006,408,'2020-09-01 11:50:00','2020-09-01 11:55:00',280),(4006,409,'2020-09-01 11:30:00','2020-09-01 11:35:00',280),(4006,410,'2020-09-01 11:10:00','2020-09-01 11:15:00',280),(4006,411,'2020-09-01 10:50:00','2020-09-01 10:55:00',280),(4006,412,'2020-09-01 10:30:00','2020-09-01 10:35:00',280),(4006,413,'2020-09-01 10:10:00','2020-09-01 10:15:00',280),(4006,414,'2020-09-01 09:50:00','2020-09-01 09:55:00',280),(4006,415,'2020-09-01 09:30:00','2020-09-01 09:35:00',280),(4006,416,'2020-09-01 09:10:00','2020-09-01 09:15:00',280),(4006,417,'2020-09-01 08:50:00','2020-09-01 08:55:00',280),(4006,418,'2020-09-01 08:30:00','2020-09-01 08:35:00',280),(4006,419,'2020-09-01 08:10:00','2020-09-01 08:15:00',280),(4006,420,'2020-09-01 07:50:00','2020-09-01 07:55:00',280),(4006,421,'2020-09-01 07:30:00','2020-09-01 07:35:00',280),(4006,422,'2020-09-01 07:10:00','2020-09-01 07:15:00',280),(4006,423,'2020-09-01 06:50:00','2020-09-01 06:55:00',280),(4006,424,'2020-09-01 06:30:00','2020-09-01 06:35:00',280),(4007,401,'2020-09-01 14:20:00','2020-09-01 14:25:00',280),(4007,402,'2020-09-01 14:00:00','2020-09-01 14:05:00',280),(4007,403,'2020-09-01 13:40:00','2020-09-01 13:45:00',280),(4007,404,'2020-09-01 13:20:00','2020-09-01 13:25:00',280),(4007,405,'2020-09-01 13:00:00','2020-09-01 13:05:00',280),(4007,406,'2020-09-01 12:40:00','2020-09-01 12:45:00',280),(4007,407,'2020-09-01 12:20:00','2020-09-01 12:25:00',280),(4007,408,'2020-09-01 12:00:00','2020-09-01 12:05:00',280),(4007,409,'2020-09-01 11:40:00','2020-09-01 11:45:00',280),(4007,410,'2020-09-01 11:20:00','2020-09-01 11:25:00',280),(4007,411,'2020-09-01 11:00:00','2020-09-01 11:05:00',280),(4007,412,'2020-09-01 10:40:00','2020-09-01 10:45:00',280),(4007,413,'2020-09-01 10:20:00','2020-09-01 10:25:00',280),(4007,414,'2020-09-01 10:00:00','2020-09-01 10:05:00',280),(4007,415,'2020-09-01 09:40:00','2020-09-01 09:45:00',280),(4007,416,'2020-09-01 09:20:00','2020-09-01 09:25:00',280),(4007,417,'2020-09-01 09:00:00','2020-09-01 09:05:00',280),(4007,418,'2020-09-01 08:40:00','2020-09-01 08:45:00',280),(4007,419,'2020-09-01 08:20:00','2020-09-01 08:25:00',280),(4007,420,'2020-09-01 08:00:00','2020-09-01 08:05:00',280),(4007,421,'2020-09-01 07:40:00','2020-09-01 07:45:00',280),(4007,422,'2020-09-01 07:20:00','2020-09-01 07:25:00',280),(4007,423,'2020-09-01 07:00:00','2020-09-01 07:05:00',280),(4007,424,'2020-09-01 06:40:00','2020-09-01 06:45:00',280),(4008,401,'2020-09-01 14:30:00','2020-09-01 14:35:00',280),(4008,402,'2020-09-01 14:10:00','2020-09-01 14:15:00',280),(4008,403,'2020-09-01 13:50:00','2020-09-01 13:55:00',280),(4008,404,'2020-09-01 13:30:00','2020-09-01 13:35:00',280),(4008,405,'2020-09-01 13:10:00','2020-09-01 13:15:00',280),(4008,406,'2020-09-01 12:50:00','2020-09-01 12:55:00',280),(4008,407,'2020-09-01 12:30:00','2020-09-01 12:35:00',280),(4008,408,'2020-09-01 12:10:00','2020-09-01 12:15:00',280),(4008,409,'2020-09-01 11:50:00','2020-09-01 11:55:00',280),(4008,410,'2020-09-01 11:30:00','2020-09-01 11:35:00',280),(4008,411,'2020-09-01 11:10:00','2020-09-01 11:15:00',280),(4008,412,'2020-09-01 10:50:00','2020-09-01 10:55:00',280),(4008,413,'2020-09-01 10:30:00','2020-09-01 10:35:00',280),(4008,414,'2020-09-01 10:10:00','2020-09-01 10:15:00',280),(4008,415,'2020-09-01 09:50:00','2020-09-01 09:55:00',280),(4008,416,'2020-09-01 09:30:00','2020-09-01 09:35:00',280),(4008,417,'2020-09-01 09:10:00','2020-09-01 09:15:00',280),(4008,418,'2020-09-01 08:50:00','2020-09-01 08:55:00',280),(4008,419,'2020-09-01 08:30:00','2020-09-01 08:35:00',280),(4008,420,'2020-09-01 08:10:00','2020-09-01 08:15:00',280),(4008,421,'2020-09-01 07:50:00','2020-09-01 07:55:00',280),(4008,422,'2020-09-01 07:30:00','2020-09-01 07:35:00',280),(4008,423,'2020-09-01 07:10:00','2020-09-01 07:15:00',280),(4008,424,'2020-09-01 06:50:00','2020-09-01 06:55:00',280),(4009,401,'2020-09-01 14:40:00','2020-09-01 14:45:00',280),(4009,402,'2020-09-01 14:20:00','2020-09-01 14:25:00',280),(4009,403,'2020-09-01 14:00:00','2020-09-01 14:05:00',280),(4009,404,'2020-09-01 13:40:00','2020-09-01 13:45:00',280),(4009,405,'2020-09-01 13:20:00','2020-09-01 13:25:00',280),(4009,406,'2020-09-01 13:00:00','2020-09-01 13:05:00',280),(4009,407,'2020-09-01 12:40:00','2020-09-01 12:45:00',280),(4009,408,'2020-09-01 12:20:00','2020-09-01 12:25:00',280),(4009,409,'2020-09-01 12:00:00','2020-09-01 12:05:00',280),(4009,410,'2020-09-01 11:40:00','2020-09-01 11:45:00',280),(4009,411,'2020-09-01 11:20:00','2020-09-01 11:25:00',280),(4009,412,'2020-09-01 11:00:00','2020-09-01 11:05:00',280),(4009,413,'2020-09-01 10:40:00','2020-09-01 10:45:00',280),(4009,414,'2020-09-01 10:20:00','2020-09-01 10:25:00',280),(4009,415,'2020-09-01 10:00:00','2020-09-01 10:05:00',280),(4009,416,'2020-09-01 09:40:00','2020-09-01 09:45:00',280),(4009,417,'2020-09-01 09:20:00','2020-09-01 09:25:00',280),(4009,418,'2020-09-01 09:00:00','2020-09-01 09:05:00',280),(4009,419,'2020-09-01 08:40:00','2020-09-01 08:45:00',280),(4009,420,'2020-09-01 08:20:00','2020-09-01 08:25:00',280),(4009,421,'2020-09-01 08:00:00','2020-09-01 08:05:00',280),(4009,422,'2020-09-01 07:40:00','2020-09-01 07:45:00',280),(4009,423,'2020-09-01 07:20:00','2020-09-01 07:25:00',280),(4009,424,'2020-09-01 07:00:00','2020-09-01 07:05:00',280),(4010,401,'2020-09-01 14:50:00','2020-09-01 14:55:00',280),(4010,402,'2020-09-01 14:30:00','2020-09-01 14:35:00',280),(4010,403,'2020-09-01 14:10:00','2020-09-01 14:15:00',280),(4010,404,'2020-09-01 13:50:00','2020-09-01 13:55:00',280),(4010,405,'2020-09-01 13:30:00','2020-09-01 13:35:00',280),(4010,406,'2020-09-01 13:10:00','2020-09-01 13:15:00',280),(4010,407,'2020-09-01 12:50:00','2020-09-01 12:55:00',280),(4010,408,'2020-09-01 12:30:00','2020-09-01 12:35:00',280),(4010,409,'2020-09-01 12:10:00','2020-09-01 12:15:00',280),(4010,410,'2020-09-01 11:50:00','2020-09-01 11:55:00',280),(4010,411,'2020-09-01 11:30:00','2020-09-01 11:35:00',280),(4010,412,'2020-09-01 11:10:00','2020-09-01 11:15:00',280),(4010,413,'2020-09-01 10:50:00','2020-09-01 10:55:00',280),(4010,414,'2020-09-01 10:30:00','2020-09-01 10:35:00',280),(4010,415,'2020-09-01 10:10:00','2020-09-01 10:15:00',280),(4010,416,'2020-09-01 09:50:00','2020-09-01 09:55:00',280),(4010,417,'2020-09-01 09:30:00','2020-09-01 09:35:00',280),(4010,418,'2020-09-01 09:10:00','2020-09-01 09:15:00',280),(4010,419,'2020-09-01 08:50:00','2020-09-01 08:55:00',280),(4010,420,'2020-09-01 08:30:00','2020-09-01 08:35:00',280),(4010,421,'2020-09-01 08:10:00','2020-09-01 08:15:00',280),(4010,422,'2020-09-01 07:50:00','2020-09-01 07:55:00',280),(4010,423,'2020-09-01 07:30:00','2020-09-01 07:35:00',280),(4010,424,'2020-09-01 07:10:00','2020-09-01 07:15:00',280),(5001,113,'2020-09-01 09:50:00','2020-09-01 09:55:00',250),(5001,216,'2020-09-01 08:10:00','2020-09-01 08:15:00',250),(5001,310,'2020-09-01 10:30:00','2020-09-01 10:35:00',250),(5001,422,'2020-09-01 12:10:00','2020-09-01 12:15:00',250),(5001,501,'2020-09-01 06:30:00','2020-09-01 06:35:00',250),(5001,502,'2020-09-01 06:50:00','2020-09-01 06:55:00',250),(5001,503,'2020-09-01 07:10:00','2020-09-01 07:15:00',250),(5001,504,'2020-09-01 07:30:00','2020-09-01 07:35:00',250),(5001,505,'2020-09-01 07:50:00','2020-09-01 07:55:00',250),(5001,507,'2020-09-01 08:30:00','2020-09-01 08:35:00',250),(5001,508,'2020-09-01 08:50:00','2020-09-01 08:55:00',250),(5001,509,'2020-09-01 09:10:00','2020-09-01 09:15:00',250),(5001,510,'2020-09-01 09:30:00','2020-09-01 09:35:00',250),(5001,512,'2020-09-01 10:10:00','2020-09-01 10:15:00',250),(5001,514,'2020-09-01 10:50:00','2020-09-01 10:55:00',250),(5001,515,'2020-09-01 11:10:00','2020-09-01 11:15:00',250),(5001,516,'2020-09-01 11:30:00','2020-09-01 11:35:00',250),(5001,517,'2020-09-01 11:50:00','2020-09-01 11:55:00',250),(5001,519,'2020-09-01 12:30:00','2020-09-01 12:35:00',250),(5001,520,'2020-09-01 12:50:00','2020-09-01 12:55:00',250),(5001,521,'2020-09-01 13:10:00','2020-09-01 13:15:00',250),(5001,522,'2020-09-01 13:30:00','2020-09-01 13:35:00',250),(5001,523,'2020-09-01 13:50:00','2020-09-01 13:55:00',250),(5001,524,'2020-09-01 14:10:00','2020-09-01 14:15:00',250),(5002,113,'2020-09-01 10:00:00','2020-09-01 10:05:00',250),(5002,216,'2020-09-01 08:20:00','2020-09-01 08:25:00',250),(5002,310,'2020-09-01 10:40:00','2020-09-01 10:45:00',250),(5002,422,'2020-09-01 12:20:00','2020-09-01 12:25:00',250),(5002,501,'2020-09-01 06:40:00','2020-09-01 06:45:00',250),(5002,502,'2020-09-01 07:00:00','2020-09-01 07:05:00',250),(5002,503,'2020-09-01 07:20:00','2020-09-01 07:25:00',250),(5002,504,'2020-09-01 07:40:00','2020-09-01 07:45:00',250),(5002,505,'2020-09-01 08:00:00','2020-09-01 08:05:00',250),(5002,507,'2020-09-01 08:40:00','2020-09-01 08:45:00',250),(5002,508,'2020-09-01 09:00:00','2020-09-01 09:05:00',250),(5002,509,'2020-09-01 09:20:00','2020-09-01 09:25:00',250),(5002,510,'2020-09-01 09:40:00','2020-09-01 09:45:00',250),(5002,512,'2020-09-01 10:20:00','2020-09-01 10:25:00',250),(5002,514,'2020-09-01 11:00:00','2020-09-01 11:05:00',250),(5002,515,'2020-09-01 11:20:00','2020-09-01 11:25:00',250),(5002,516,'2020-09-01 11:40:00','2020-09-01 11:45:00',250),(5002,517,'2020-09-01 12:00:00','2020-09-01 12:05:00',250),(5002,519,'2020-09-01 12:40:00','2020-09-01 12:45:00',250),(5002,520,'2020-09-01 13:00:00','2020-09-01 13:05:00',250),(5002,521,'2020-09-01 13:20:00','2020-09-01 13:25:00',250),(5002,522,'2020-09-01 13:40:00','2020-09-01 13:45:00',250),(5002,523,'2020-09-01 14:00:00','2020-09-01 14:05:00',250),(5002,524,'2020-09-01 14:20:00','2020-09-01 14:25:00',250),(5003,113,'2020-09-01 10:10:00','2020-09-01 10:15:00',250),(5003,216,'2020-09-01 08:30:00','2020-09-01 08:35:00',250),(5003,310,'2020-09-01 10:50:00','2020-09-01 10:55:00',250),(5003,422,'2020-09-01 12:30:00','2020-09-01 12:35:00',250),(5003,501,'2020-09-01 06:50:00','2020-09-01 06:55:00',250),(5003,502,'2020-09-01 07:10:00','2020-09-01 07:15:00',250),(5003,503,'2020-09-01 07:30:00','2020-09-01 07:35:00',250),(5003,504,'2020-09-01 07:50:00','2020-09-01 07:55:00',250),(5003,505,'2020-09-01 08:10:00','2020-09-01 08:15:00',250),(5003,507,'2020-09-01 08:50:00','2020-09-01 08:55:00',250),(5003,508,'2020-09-01 09:10:00','2020-09-01 09:15:00',250),(5003,509,'2020-09-01 09:30:00','2020-09-01 09:35:00',250),(5003,510,'2020-09-01 09:50:00','2020-09-01 09:55:00',250),(5003,512,'2020-09-01 10:30:00','2020-09-01 10:35:00',250),(5003,514,'2020-09-01 11:10:00','2020-09-01 11:15:00',250),(5003,515,'2020-09-01 11:30:00','2020-09-01 11:35:00',250),(5003,516,'2020-09-01 11:50:00','2020-09-01 11:55:00',250),(5003,517,'2020-09-01 12:10:00','2020-09-01 12:15:00',250),(5003,519,'2020-09-01 12:50:00','2020-09-01 12:55:00',250),(5003,520,'2020-09-01 13:10:00','2020-09-01 13:15:00',250),(5003,521,'2020-09-01 13:30:00','2020-09-01 13:35:00',250),(5003,522,'2020-09-01 13:50:00','2020-09-01 13:55:00',250),(5003,523,'2020-09-01 14:10:00','2020-09-01 14:15:00',250),(5003,524,'2020-09-01 14:30:00','2020-09-01 14:35:00',250),(5004,113,'2020-09-01 10:20:00','2020-09-01 10:25:00',250),(5004,216,'2020-09-01 08:40:00','2020-09-01 08:45:00',250),(5004,310,'2020-09-01 11:00:00','2020-09-01 11:05:00',250),(5004,422,'2020-09-01 12:40:00','2020-09-01 12:45:00',250),(5004,501,'2020-09-01 07:00:00','2020-09-01 07:05:00',250),(5004,502,'2020-09-01 07:20:00','2020-09-01 07:25:00',250),(5004,503,'2020-09-01 07:40:00','2020-09-01 07:45:00',250),(5004,504,'2020-09-01 08:00:00','2020-09-01 08:05:00',250),(5004,505,'2020-09-01 08:20:00','2020-09-01 08:25:00',250),(5004,507,'2020-09-01 09:00:00','2020-09-01 09:05:00',250),(5004,508,'2020-09-01 09:20:00','2020-09-01 09:25:00',250),(5004,509,'2020-09-01 09:40:00','2020-09-01 09:45:00',250),(5004,510,'2020-09-01 10:00:00','2020-09-01 10:05:00',250),(5004,512,'2020-09-01 10:40:00','2020-09-01 10:45:00',250),(5004,514,'2020-09-01 11:20:00','2020-09-01 11:25:00',250),(5004,515,'2020-09-01 11:40:00','2020-09-01 11:45:00',250),(5004,516,'2020-09-01 12:00:00','2020-09-01 12:05:00',250),(5004,517,'2020-09-01 12:20:00','2020-09-01 12:25:00',250),(5004,519,'2020-09-01 13:00:00','2020-09-01 13:05:00',250),(5004,520,'2020-09-01 13:20:00','2020-09-01 13:25:00',250),(5004,521,'2020-09-01 13:40:00','2020-09-01 13:45:00',250),(5004,522,'2020-09-01 14:00:00','2020-09-01 14:05:00',250),(5004,523,'2020-09-01 14:20:00','2020-09-01 14:25:00',250),(5004,524,'2020-09-01 14:40:00','2020-09-01 14:45:00',250),(5005,113,'2020-09-01 10:30:00','2020-09-01 10:35:00',250),(5005,216,'2020-09-01 08:50:00','2020-09-01 08:55:00',250),(5005,310,'2020-09-01 11:10:00','2020-09-01 11:15:00',250),(5005,422,'2020-09-01 12:50:00','2020-09-01 12:55:00',250),(5005,501,'2020-09-01 07:10:00','2020-09-01 07:15:00',250),(5005,502,'2020-09-01 07:30:00','2020-09-01 07:35:00',250),(5005,503,'2020-09-01 07:50:00','2020-09-01 07:55:00',250),(5005,504,'2020-09-01 08:10:00','2020-09-01 08:15:00',250),(5005,505,'2020-09-01 08:30:00','2020-09-01 08:35:00',250),(5005,507,'2020-09-01 09:10:00','2020-09-01 09:15:00',250),(5005,508,'2020-09-01 09:30:00','2020-09-01 09:35:00',250),(5005,509,'2020-09-01 09:50:00','2020-09-01 09:55:00',250),(5005,510,'2020-09-01 10:10:00','2020-09-01 10:15:00',250),(5005,512,'2020-09-01 10:50:00','2020-09-01 10:55:00',250),(5005,514,'2020-09-01 11:30:00','2020-09-01 11:35:00',250),(5005,515,'2020-09-01 11:50:00','2020-09-01 11:55:00',250),(5005,516,'2020-09-01 12:10:00','2020-09-01 12:15:00',250),(5005,517,'2020-09-01 12:30:00','2020-09-01 12:35:00',250),(5005,519,'2020-09-01 13:10:00','2020-09-01 13:15:00',250),(5005,520,'2020-09-01 13:30:00','2020-09-01 13:35:00',250),(5005,521,'2020-09-01 13:50:00','2020-09-01 13:55:00',250),(5005,522,'2020-09-01 14:10:00','2020-09-01 14:15:00',250),(5005,523,'2020-09-01 14:30:00','2020-09-01 14:35:00',250),(5005,524,'2020-09-01 14:50:00','2020-09-01 14:55:00',250),(5006,113,'2020-09-01 10:50:00','2020-09-01 10:55:00',250),(5006,216,'2020-09-01 12:30:00','2020-09-01 12:35:00',250),(5006,310,'2020-09-01 10:10:00','2020-09-01 10:15:00',250),(5006,422,'2020-09-01 08:30:00','2020-09-01 08:35:00',250),(5006,501,'2020-09-01 14:10:00','2020-09-01 14:15:00',250),(5006,502,'2020-09-01 13:50:00','2020-09-01 13:55:00',250),(5006,503,'2020-09-01 13:30:00','2020-09-01 13:35:00',250),(5006,504,'2020-09-01 13:10:00','2020-09-01 13:15:00',250),(5006,505,'2020-09-01 12:50:00','2020-09-01 12:55:00',250),(5006,507,'2020-09-01 12:10:00','2020-09-01 12:15:00',250),(5006,508,'2020-09-01 11:50:00','2020-09-01 11:55:00',250),(5006,509,'2020-09-01 11:30:00','2020-09-01 11:35:00',250),(5006,510,'2020-09-01 11:10:00','2020-09-01 11:15:00',250),(5006,512,'2020-09-01 10:30:00','2020-09-01 10:35:00',250),(5006,514,'2020-09-01 09:50:00','2020-09-01 09:55:00',250),(5006,515,'2020-09-01 09:30:00','2020-09-01 09:35:00',250),(5006,516,'2020-09-01 09:10:00','2020-09-01 09:15:00',250),(5006,517,'2020-09-01 08:50:00','2020-09-01 08:55:00',250),(5006,519,'2020-09-01 08:10:00','2020-09-01 08:15:00',250),(5006,520,'2020-09-01 07:50:00','2020-09-01 07:55:00',250),(5006,521,'2020-09-01 07:30:00','2020-09-01 07:35:00',250),(5006,522,'2020-09-01 07:10:00','2020-09-01 07:15:00',250),(5006,523,'2020-09-01 06:50:00','2020-09-01 06:55:00',250),(5006,524,'2020-09-01 06:30:00','2020-09-01 06:35:00',250),(5007,113,'2020-09-01 11:00:00','2020-09-01 11:05:00',250),(5007,216,'2020-09-01 12:40:00','2020-09-01 12:45:00',250),(5007,310,'2020-09-01 10:20:00','2020-09-01 10:25:00',250),(5007,422,'2020-09-01 08:40:00','2020-09-01 08:45:00',250),(5007,501,'2020-09-01 14:20:00','2020-09-01 14:25:00',250),(5007,502,'2020-09-01 14:00:00','2020-09-01 14:05:00',250),(5007,503,'2020-09-01 13:40:00','2020-09-01 13:45:00',250),(5007,504,'2020-09-01 13:20:00','2020-09-01 13:25:00',250),(5007,505,'2020-09-01 13:00:00','2020-09-01 13:05:00',250),(5007,507,'2020-09-01 12:20:00','2020-09-01 12:25:00',250),(5007,508,'2020-09-01 12:00:00','2020-09-01 12:05:00',250),(5007,509,'2020-09-01 11:40:00','2020-09-01 11:45:00',250),(5007,510,'2020-09-01 11:20:00','2020-09-01 11:25:00',250),(5007,512,'2020-09-01 10:40:00','2020-09-01 10:45:00',250),(5007,514,'2020-09-01 10:00:00','2020-09-01 10:05:00',250),(5007,515,'2020-09-01 09:40:00','2020-09-01 09:45:00',250),(5007,516,'2020-09-01 09:20:00','2020-09-01 09:25:00',250),(5007,517,'2020-09-01 09:00:00','2020-09-01 09:05:00',250),(5007,519,'2020-09-01 08:20:00','2020-09-01 08:25:00',250),(5007,520,'2020-09-01 08:00:00','2020-09-01 08:05:00',250),(5007,521,'2020-09-01 07:40:00','2020-09-01 07:45:00',250),(5007,522,'2020-09-01 07:20:00','2020-09-01 07:25:00',250),(5007,523,'2020-09-01 07:00:00','2020-09-01 07:05:00',250),(5007,524,'2020-09-01 06:40:00','2020-09-01 06:45:00',250),(5008,113,'2020-09-01 11:10:00','2020-09-01 11:15:00',250),(5008,216,'2020-09-01 12:50:00','2020-09-01 12:55:00',250),(5008,310,'2020-09-01 10:30:00','2020-09-01 10:35:00',250),(5008,422,'2020-09-01 08:50:00','2020-09-01 08:55:00',250),(5008,501,'2020-09-01 14:30:00','2020-09-01 14:35:00',250),(5008,502,'2020-09-01 14:10:00','2020-09-01 14:15:00',250),(5008,503,'2020-09-01 13:50:00','2020-09-01 13:55:00',250),(5008,504,'2020-09-01 13:30:00','2020-09-01 13:35:00',250),(5008,505,'2020-09-01 13:10:00','2020-09-01 13:15:00',250),(5008,507,'2020-09-01 12:30:00','2020-09-01 12:35:00',250),(5008,508,'2020-09-01 12:10:00','2020-09-01 12:15:00',250),(5008,509,'2020-09-01 11:50:00','2020-09-01 11:55:00',250),(5008,510,'2020-09-01 11:30:00','2020-09-01 11:35:00',250),(5008,512,'2020-09-01 10:50:00','2020-09-01 10:55:00',250),(5008,514,'2020-09-01 10:10:00','2020-09-01 10:15:00',250),(5008,515,'2020-09-01 09:50:00','2020-09-01 09:55:00',250),(5008,516,'2020-09-01 09:30:00','2020-09-01 09:35:00',250),(5008,517,'2020-09-01 09:10:00','2020-09-01 09:15:00',250),(5008,519,'2020-09-01 08:30:00','2020-09-01 08:35:00',250),(5008,520,'2020-09-01 08:10:00','2020-09-01 08:15:00',250),(5008,521,'2020-09-01 07:50:00','2020-09-01 07:55:00',250),(5008,522,'2020-09-01 07:30:00','2020-09-01 07:35:00',250),(5008,523,'2020-09-01 07:10:00','2020-09-01 07:15:00',250),(5008,524,'2020-09-01 06:50:00','2020-09-01 06:55:00',250),(5009,113,'2020-09-01 11:20:00','2020-09-01 11:25:00',250),(5009,216,'2020-09-01 13:00:00','2020-09-01 13:05:00',250),(5009,310,'2020-09-01 10:40:00','2020-09-01 10:45:00',250),(5009,422,'2020-09-01 09:00:00','2020-09-01 09:05:00',250),(5009,501,'2020-09-01 14:40:00','2020-09-01 14:45:00',250),(5009,502,'2020-09-01 14:20:00','2020-09-01 14:25:00',250),(5009,503,'2020-09-01 14:00:00','2020-09-01 14:05:00',250),(5009,504,'2020-09-01 13:40:00','2020-09-01 13:45:00',250),(5009,505,'2020-09-01 13:20:00','2020-09-01 13:25:00',250),(5009,507,'2020-09-01 12:40:00','2020-09-01 12:45:00',250),(5009,508,'2020-09-01 12:20:00','2020-09-01 12:25:00',250),(5009,509,'2020-09-01 12:00:00','2020-09-01 12:05:00',250),(5009,510,'2020-09-01 11:40:00','2020-09-01 11:45:00',250),(5009,512,'2020-09-01 11:00:00','2020-09-01 11:05:00',250),(5009,514,'2020-09-01 10:20:00','2020-09-01 10:25:00',250),(5009,515,'2020-09-01 10:00:00','2020-09-01 10:05:00',250),(5009,516,'2020-09-01 09:40:00','2020-09-01 09:45:00',250),(5009,517,'2020-09-01 09:20:00','2020-09-01 09:25:00',250),(5009,519,'2020-09-01 08:40:00','2020-09-01 08:45:00',250),(5009,520,'2020-09-01 08:20:00','2020-09-01 08:25:00',250),(5009,521,'2020-09-01 08:00:00','2020-09-01 08:05:00',250),(5009,522,'2020-09-01 07:40:00','2020-09-01 07:45:00',250),(5009,523,'2020-09-01 07:20:00','2020-09-01 07:25:00',250),(5009,524,'2020-09-01 07:00:00','2020-09-01 07:05:00',250),(5010,113,'2020-09-01 11:30:00','2020-09-01 11:35:00',250),(5010,216,'2020-09-01 13:10:00','2020-09-01 13:15:00',250),(5010,310,'2020-09-01 10:50:00','2020-09-01 10:55:00',250),(5010,422,'2020-09-01 09:10:00','2020-09-01 09:15:00',250),(5010,501,'2020-09-01 14:50:00','2020-09-01 14:55:00',250),(5010,502,'2020-09-01 14:30:00','2020-09-01 14:35:00',250),(5010,503,'2020-09-01 14:10:00','2020-09-01 14:15:00',250),(5010,504,'2020-09-01 13:50:00','2020-09-01 13:55:00',250),(5010,505,'2020-09-01 13:30:00','2020-09-01 13:35:00',250),(5010,507,'2020-09-01 12:50:00','2020-09-01 12:55:00',250),(5010,508,'2020-09-01 12:30:00','2020-09-01 12:35:00',250),(5010,509,'2020-09-01 12:10:00','2020-09-01 12:15:00',250),(5010,510,'2020-09-01 11:50:00','2020-09-01 11:55:00',250),(5010,512,'2020-09-01 11:10:00','2020-09-01 11:15:00',250),(5010,514,'2020-09-01 10:30:00','2020-09-01 10:35:00',250),(5010,515,'2020-09-01 10:10:00','2020-09-01 10:15:00',250),(5010,516,'2020-09-01 09:50:00','2020-09-01 09:55:00',250),(5010,517,'2020-09-01 09:30:00','2020-09-01 09:35:00',250),(5010,519,'2020-09-01 08:50:00','2020-09-01 08:55:00',250),(5010,520,'2020-09-01 08:30:00','2020-09-01 08:35:00',250),(5010,521,'2020-09-01 08:10:00','2020-09-01 08:15:00',250),(5010,522,'2020-09-01 07:50:00','2020-09-01 07:55:00',250),(5010,523,'2020-09-01 07:30:00','2020-09-01 07:35:00',250),(5010,524,'2020-09-01 07:10:00','2020-09-01 07:15:00',250),(6001,105,'2020-09-01 08:30:00','2020-09-01 08:35:00',280),(6001,112,'2020-09-01 10:50:00','2020-09-01 10:55:00',280),(6001,212,'2020-09-01 09:30:00','2020-09-01 09:35:00',280),(6001,316,'2020-09-01 13:10:00','2020-09-01 13:15:00',280),(6001,319,'2020-09-01 12:50:00','2020-09-01 12:55:00',280),(6001,502,'2020-09-01 07:50:00','2020-09-01 07:55:00',280),(6001,509,'2020-09-01 11:10:00','2020-09-01 11:15:00',280),(6001,601,'2020-09-01 06:30:00','2020-09-01 06:35:00',280),(6001,602,'2020-09-01 06:50:00','2020-09-01 06:55:00',280),(6001,603,'2020-09-01 07:10:00','2020-09-01 07:15:00',280),(6001,604,'2020-09-01 07:30:00','2020-09-01 07:35:00',280),(6001,606,'2020-09-01 08:10:00','2020-09-01 08:15:00',280),(6001,608,'2020-09-01 08:50:00','2020-09-01 08:55:00',280),(6001,609,'2020-09-01 09:10:00','2020-09-01 09:15:00',280),(6001,611,'2020-09-01 09:50:00','2020-09-01 09:55:00',280),(6001,612,'2020-09-01 10:10:00','2020-09-01 10:15:00',280),(6001,613,'2020-09-01 10:30:00','2020-09-01 10:35:00',280),(6001,616,'2020-09-01 11:30:00','2020-09-01 11:35:00',280),(6001,617,'2020-09-01 11:50:00','2020-09-01 11:55:00',280),(6001,618,'2020-09-01 12:10:00','2020-09-01 12:15:00',280),(6001,619,'2020-09-01 12:30:00','2020-09-01 12:35:00',280),(6001,622,'2020-09-01 13:30:00','2020-09-01 13:35:00',280),(6001,623,'2020-09-01 13:50:00','2020-09-01 13:55:00',280),(6001,624,'2020-09-01 14:10:00','2020-09-01 14:15:00',280),(6001,625,'2020-09-01 14:30:00','2020-09-01 14:35:00',280),(6001,626,'2020-09-01 14:50:00','2020-09-01 14:55:00',280),(6001,627,'2020-09-01 15:10:00','2020-09-01 15:15:00',280),(6001,628,'2020-09-01 15:30:00','2020-09-01 15:35:00',280),(6001,629,'2020-09-01 15:50:00','2020-09-01 15:55:00',280),(6001,630,'2020-09-01 16:10:00','2020-09-01 16:15:00',280),(6001,631,'2020-09-01 16:30:00','2020-09-01 16:35:00',280),(6001,632,'2020-09-01 16:50:00','2020-09-01 16:55:00',280),(6002,105,'2020-09-01 08:40:00','2020-09-01 08:45:00',280),(6002,112,'2020-09-01 11:00:00','2020-09-01 11:05:00',280),(6002,212,'2020-09-01 09:40:00','2020-09-01 09:45:00',280),(6002,316,'2020-09-01 13:20:00','2020-09-01 13:25:00',280),(6002,319,'2020-09-01 13:00:00','2020-09-01 13:05:00',280),(6002,502,'2020-09-01 08:00:00','2020-09-01 08:05:00',280),(6002,509,'2020-09-01 11:20:00','2020-09-01 11:25:00',280),(6002,601,'2020-09-01 06:40:00','2020-09-01 06:45:00',280),(6002,602,'2020-09-01 07:00:00','2020-09-01 07:05:00',280),(6002,603,'2020-09-01 07:20:00','2020-09-01 07:25:00',280),(6002,604,'2020-09-01 07:40:00','2020-09-01 07:45:00',280),(6002,606,'2020-09-01 08:20:00','2020-09-01 08:25:00',280),(6002,608,'2020-09-01 09:00:00','2020-09-01 09:05:00',280),(6002,609,'2020-09-01 09:20:00','2020-09-01 09:25:00',280),(6002,611,'2020-09-01 10:00:00','2020-09-01 10:05:00',280),(6002,612,'2020-09-01 10:20:00','2020-09-01 10:25:00',280),(6002,613,'2020-09-01 10:40:00','2020-09-01 10:45:00',280),(6002,616,'2020-09-01 11:40:00','2020-09-01 11:45:00',280),(6002,617,'2020-09-01 12:00:00','2020-09-01 12:05:00',280),(6002,618,'2020-09-01 12:20:00','2020-09-01 12:25:00',280),(6002,619,'2020-09-01 12:40:00','2020-09-01 12:45:00',280),(6002,622,'2020-09-01 13:40:00','2020-09-01 13:45:00',280),(6002,623,'2020-09-01 14:00:00','2020-09-01 14:05:00',280),(6002,624,'2020-09-01 14:20:00','2020-09-01 14:25:00',280),(6002,625,'2020-09-01 14:40:00','2020-09-01 14:45:00',280),(6002,626,'2020-09-01 15:00:00','2020-09-01 15:05:00',280),(6002,627,'2020-09-01 15:20:00','2020-09-01 15:25:00',280),(6002,628,'2020-09-01 15:40:00','2020-09-01 15:45:00',280),(6002,629,'2020-09-01 16:00:00','2020-09-01 16:05:00',280),(6002,630,'2020-09-01 16:20:00','2020-09-01 16:25:00',280),(6002,631,'2020-09-01 16:40:00','2020-09-01 16:45:00',280),(6002,632,'2020-09-01 17:00:00','2020-09-01 17:05:00',280),(6003,105,'2020-09-01 08:50:00','2020-09-01 08:55:00',280),(6003,112,'2020-09-01 11:10:00','2020-09-01 11:15:00',280),(6003,212,'2020-09-01 09:50:00','2020-09-01 09:55:00',280),(6003,316,'2020-09-01 13:30:00','2020-09-01 13:35:00',280),(6003,319,'2020-09-01 13:10:00','2020-09-01 13:15:00',280),(6003,502,'2020-09-01 08:10:00','2020-09-01 08:15:00',280),(6003,509,'2020-09-01 11:30:00','2020-09-01 11:35:00',280),(6003,601,'2020-09-01 06:50:00','2020-09-01 06:55:00',280),(6003,602,'2020-09-01 07:10:00','2020-09-01 07:15:00',280),(6003,603,'2020-09-01 07:30:00','2020-09-01 07:35:00',280),(6003,604,'2020-09-01 07:50:00','2020-09-01 07:55:00',280),(6003,606,'2020-09-01 08:30:00','2020-09-01 08:35:00',280),(6003,608,'2020-09-01 09:10:00','2020-09-01 09:15:00',280),(6003,609,'2020-09-01 09:30:00','2020-09-01 09:35:00',280),(6003,611,'2020-09-01 10:10:00','2020-09-01 10:15:00',280),(6003,612,'2020-09-01 10:30:00','2020-09-01 10:35:00',280),(6003,613,'2020-09-01 10:50:00','2020-09-01 10:55:00',280),(6003,616,'2020-09-01 11:50:00','2020-09-01 11:55:00',280),(6003,617,'2020-09-01 12:10:00','2020-09-01 12:15:00',280),(6003,618,'2020-09-01 12:30:00','2020-09-01 12:35:00',280),(6003,619,'2020-09-01 12:50:00','2020-09-01 12:55:00',280),(6003,622,'2020-09-01 13:50:00','2020-09-01 13:55:00',280),(6003,623,'2020-09-01 14:10:00','2020-09-01 14:15:00',280),(6003,624,'2020-09-01 14:30:00','2020-09-01 14:35:00',280),(6003,625,'2020-09-01 14:50:00','2020-09-01 14:55:00',280),(6003,626,'2020-09-01 15:10:00','2020-09-01 15:15:00',280),(6003,627,'2020-09-01 15:30:00','2020-09-01 15:35:00',280),(6003,628,'2020-09-01 15:50:00','2020-09-01 15:55:00',280),(6003,629,'2020-09-01 16:10:00','2020-09-01 16:15:00',280),(6003,630,'2020-09-01 16:30:00','2020-09-01 16:35:00',280),(6003,631,'2020-09-01 16:50:00','2020-09-01 16:55:00',280),(6003,632,'2020-09-01 17:10:00','2020-09-01 17:15:00',280),(6004,105,'2020-09-01 09:00:00','2020-09-01 09:05:00',280),(6004,112,'2020-09-01 11:20:00','2020-09-01 11:25:00',280),(6004,212,'2020-09-01 10:00:00','2020-09-01 10:05:00',280),(6004,316,'2020-09-01 13:40:00','2020-09-01 13:45:00',280),(6004,319,'2020-09-01 13:20:00','2020-09-01 13:25:00',280),(6004,502,'2020-09-01 08:20:00','2020-09-01 08:25:00',280),(6004,509,'2020-09-01 11:40:00','2020-09-01 11:45:00',280),(6004,601,'2020-09-01 07:00:00','2020-09-01 07:05:00',280),(6004,602,'2020-09-01 07:20:00','2020-09-01 07:25:00',280),(6004,603,'2020-09-01 07:40:00','2020-09-01 07:45:00',280),(6004,604,'2020-09-01 08:00:00','2020-09-01 08:05:00',280),(6004,606,'2020-09-01 08:40:00','2020-09-01 08:45:00',280),(6004,608,'2020-09-01 09:20:00','2020-09-01 09:25:00',280),(6004,609,'2020-09-01 09:40:00','2020-09-01 09:45:00',280),(6004,611,'2020-09-01 10:20:00','2020-09-01 10:25:00',280),(6004,612,'2020-09-01 10:40:00','2020-09-01 10:45:00',280),(6004,613,'2020-09-01 11:00:00','2020-09-01 11:05:00',280),(6004,616,'2020-09-01 12:00:00','2020-09-01 12:05:00',280),(6004,617,'2020-09-01 12:20:00','2020-09-01 12:25:00',280),(6004,618,'2020-09-01 12:40:00','2020-09-01 12:45:00',280),(6004,619,'2020-09-01 13:00:00','2020-09-01 13:05:00',280),(6004,622,'2020-09-01 14:00:00','2020-09-01 14:05:00',280),(6004,623,'2020-09-01 14:20:00','2020-09-01 14:25:00',280),(6004,624,'2020-09-01 14:40:00','2020-09-01 14:45:00',280),(6004,625,'2020-09-01 15:00:00','2020-09-01 15:05:00',280),(6004,626,'2020-09-01 15:20:00','2020-09-01 15:25:00',280),(6004,627,'2020-09-01 15:40:00','2020-09-01 15:45:00',280),(6004,628,'2020-09-01 16:00:00','2020-09-01 16:05:00',280),(6004,629,'2020-09-01 16:20:00','2020-09-01 16:25:00',280),(6004,630,'2020-09-01 16:40:00','2020-09-01 16:45:00',280),(6004,631,'2020-09-01 17:00:00','2020-09-01 17:05:00',280),(6004,632,'2020-09-01 17:20:00','2020-09-01 17:25:00',280),(6005,105,'2020-09-01 09:10:00','2020-09-01 09:15:00',280),(6005,112,'2020-09-01 11:30:00','2020-09-01 11:35:00',280),(6005,212,'2020-09-01 10:10:00','2020-09-01 10:15:00',280),(6005,316,'2020-09-01 13:50:00','2020-09-01 13:55:00',280),(6005,319,'2020-09-01 13:30:00','2020-09-01 13:35:00',280),(6005,502,'2020-09-01 08:30:00','2020-09-01 08:35:00',280),(6005,509,'2020-09-01 11:50:00','2020-09-01 11:55:00',280),(6005,601,'2020-09-01 07:10:00','2020-09-01 07:15:00',280),(6005,602,'2020-09-01 07:30:00','2020-09-01 07:35:00',280),(6005,603,'2020-09-01 07:50:00','2020-09-01 07:55:00',280),(6005,604,'2020-09-01 08:10:00','2020-09-01 08:15:00',280),(6005,606,'2020-09-01 08:50:00','2020-09-01 08:55:00',280),(6005,608,'2020-09-01 09:30:00','2020-09-01 09:35:00',280),(6005,609,'2020-09-01 09:50:00','2020-09-01 09:55:00',280),(6005,611,'2020-09-01 10:30:00','2020-09-01 10:35:00',280),(6005,612,'2020-09-01 10:50:00','2020-09-01 10:55:00',280),(6005,613,'2020-09-01 11:10:00','2020-09-01 11:15:00',280),(6005,616,'2020-09-01 12:10:00','2020-09-01 12:15:00',280),(6005,617,'2020-09-01 12:30:00','2020-09-01 12:35:00',280),(6005,618,'2020-09-01 12:50:00','2020-09-01 12:55:00',280),(6005,619,'2020-09-01 13:10:00','2020-09-01 13:15:00',280),(6005,622,'2020-09-01 14:10:00','2020-09-01 14:15:00',280),(6005,623,'2020-09-01 14:30:00','2020-09-01 14:35:00',280),(6005,624,'2020-09-01 14:50:00','2020-09-01 14:55:00',280),(6005,625,'2020-09-01 15:10:00','2020-09-01 15:15:00',280),(6005,626,'2020-09-01 15:30:00','2020-09-01 15:35:00',280),(6005,627,'2020-09-01 15:50:00','2020-09-01 15:55:00',280),(6005,628,'2020-09-01 16:10:00','2020-09-01 16:15:00',280),(6005,629,'2020-09-01 16:30:00','2020-09-01 16:35:00',280),(6005,630,'2020-09-01 16:50:00','2020-09-01 16:55:00',280),(6005,631,'2020-09-01 17:10:00','2020-09-01 17:15:00',280),(6005,632,'2020-09-01 17:30:00','2020-09-01 17:35:00',280),(6006,105,'2020-09-01 14:50:00','2020-09-01 14:55:00',280),(6006,112,'2020-09-01 12:30:00','2020-09-01 12:35:00',280),(6006,212,'2020-09-01 13:50:00','2020-09-01 13:55:00',280),(6006,316,'2020-09-01 10:10:00','2020-09-01 10:15:00',280),(6006,319,'2020-09-01 10:30:00','2020-09-01 10:35:00',280),(6006,502,'2020-09-01 15:30:00','2020-09-01 15:35:00',280),(6006,509,'2020-09-01 12:10:00','2020-09-01 12:15:00',280),(6006,601,'2020-09-01 16:50:00','2020-09-01 16:55:00',280),(6006,602,'2020-09-01 16:30:00','2020-09-01 16:35:00',280),(6006,603,'2020-09-01 16:10:00','2020-09-01 16:15:00',280),(6006,604,'2020-09-01 15:50:00','2020-09-01 15:55:00',280),(6006,606,'2020-09-01 15:10:00','2020-09-01 15:15:00',280),(6006,608,'2020-09-01 14:10:00','2020-09-01 14:15:00',280),(6006,609,'2020-09-01 14:30:00','2020-09-01 14:35:00',280),(6006,611,'2020-09-01 13:30:00','2020-09-01 13:35:00',280),(6006,612,'2020-09-01 13:10:00','2020-09-01 13:15:00',280),(6006,613,'2020-09-01 12:50:00','2020-09-01 12:55:00',280),(6006,616,'2020-09-01 11:50:00','2020-09-01 11:55:00',280),(6006,617,'2020-09-01 11:30:00','2020-09-01 11:35:00',280),(6006,618,'2020-09-01 11:10:00','2020-09-01 11:15:00',280),(6006,619,'2020-09-01 10:50:00','2020-09-01 10:55:00',280),(6006,622,'2020-09-01 09:50:00','2020-09-01 09:55:00',280),(6006,623,'2020-09-01 09:30:00','2020-09-01 09:35:00',280),(6006,624,'2020-09-01 09:10:00','2020-09-01 09:15:00',280),(6006,625,'2020-09-01 08:50:00','2020-09-01 08:55:00',280),(6006,626,'2020-09-01 08:30:00','2020-09-01 08:35:00',280),(6006,627,'2020-09-01 08:10:00','2020-09-01 08:15:00',280),(6006,628,'2020-09-01 07:50:00','2020-09-01 07:55:00',280),(6006,629,'2020-09-01 07:30:00','2020-09-01 07:35:00',280),(6006,630,'2020-09-01 07:10:00','2020-09-01 07:15:00',280),(6006,631,'2020-09-01 06:50:00','2020-09-01 06:55:00',280),(6006,632,'2020-09-01 06:30:00','2020-09-01 06:35:00',280),(6007,105,'2020-09-01 15:00:00','2020-09-01 15:05:00',280),(6007,112,'2020-09-01 12:40:00','2020-09-01 12:45:00',280),(6007,212,'2020-09-01 14:00:00','2020-09-01 14:05:00',280),(6007,316,'2020-09-01 10:20:00','2020-09-01 10:25:00',280),(6007,319,'2020-09-01 10:40:00','2020-09-01 10:45:00',280),(6007,502,'2020-09-01 15:40:00','2020-09-01 15:45:00',280),(6007,509,'2020-09-01 12:20:00','2020-09-01 12:25:00',280),(6007,601,'2020-09-01 17:00:00','2020-09-01 17:05:00',280),(6007,602,'2020-09-01 16:40:00','2020-09-01 16:45:00',280),(6007,603,'2020-09-01 16:20:00','2020-09-01 16:25:00',280),(6007,604,'2020-09-01 16:00:00','2020-09-01 16:05:00',280),(6007,606,'2020-09-01 15:20:00','2020-09-01 15:25:00',280),(6007,608,'2020-09-01 14:20:00','2020-09-01 14:25:00',280),(6007,609,'2020-09-01 14:40:00','2020-09-01 14:45:00',280),(6007,611,'2020-09-01 13:40:00','2020-09-01 13:45:00',280),(6007,612,'2020-09-01 13:20:00','2020-09-01 13:25:00',280),(6007,613,'2020-09-01 13:00:00','2020-09-01 13:05:00',280),(6007,616,'2020-09-01 12:00:00','2020-09-01 12:05:00',280),(6007,617,'2020-09-01 11:40:00','2020-09-01 11:45:00',280),(6007,618,'2020-09-01 11:20:00','2020-09-01 11:25:00',280),(6007,619,'2020-09-01 11:00:00','2020-09-01 11:05:00',280),(6007,622,'2020-09-01 10:00:00','2020-09-01 10:05:00',280),(6007,623,'2020-09-01 09:40:00','2020-09-01 09:45:00',280),(6007,624,'2020-09-01 09:20:00','2020-09-01 09:25:00',280),(6007,625,'2020-09-01 09:00:00','2020-09-01 09:05:00',280),(6007,626,'2020-09-01 08:40:00','2020-09-01 08:45:00',280),(6007,627,'2020-09-01 08:20:00','2020-09-01 08:25:00',280),(6007,628,'2020-09-01 08:00:00','2020-09-01 08:05:00',280),(6007,629,'2020-09-01 07:40:00','2020-09-01 07:45:00',280),(6007,630,'2020-09-01 07:20:00','2020-09-01 07:25:00',280),(6007,631,'2020-09-01 07:00:00','2020-09-01 07:05:00',280),(6007,632,'2020-09-01 06:40:00','2020-09-01 06:45:00',280),(6008,105,'2020-09-01 15:10:00','2020-09-01 15:15:00',280),(6008,112,'2020-09-01 12:50:00','2020-09-01 12:55:00',280),(6008,212,'2020-09-01 14:10:00','2020-09-01 14:15:00',280),(6008,316,'2020-09-01 10:30:00','2020-09-01 10:35:00',280),(6008,319,'2020-09-01 10:50:00','2020-09-01 10:55:00',280),(6008,502,'2020-09-01 15:50:00','2020-09-01 15:55:00',280),(6008,509,'2020-09-01 12:30:00','2020-09-01 12:35:00',280),(6008,601,'2020-09-01 17:10:00','2020-09-01 17:15:00',280),(6008,602,'2020-09-01 16:50:00','2020-09-01 16:55:00',280),(6008,603,'2020-09-01 16:30:00','2020-09-01 16:35:00',280),(6008,604,'2020-09-01 16:10:00','2020-09-01 16:15:00',280),(6008,606,'2020-09-01 15:30:00','2020-09-01 15:35:00',280),(6008,608,'2020-09-01 14:30:00','2020-09-01 14:35:00',280),(6008,609,'2020-09-01 14:50:00','2020-09-01 14:55:00',280),(6008,611,'2020-09-01 13:50:00','2020-09-01 13:55:00',280),(6008,612,'2020-09-01 13:30:00','2020-09-01 13:35:00',280),(6008,613,'2020-09-01 13:10:00','2020-09-01 13:15:00',280),(6008,616,'2020-09-01 12:10:00','2020-09-01 12:15:00',280),(6008,617,'2020-09-01 11:50:00','2020-09-01 11:55:00',280),(6008,618,'2020-09-01 11:30:00','2020-09-01 11:35:00',280),(6008,619,'2020-09-01 11:10:00','2020-09-01 11:15:00',280),(6008,622,'2020-09-01 10:10:00','2020-09-01 10:15:00',280),(6008,623,'2020-09-01 09:50:00','2020-09-01 09:55:00',280),(6008,624,'2020-09-01 09:30:00','2020-09-01 09:35:00',280),(6008,625,'2020-09-01 09:10:00','2020-09-01 09:15:00',280),(6008,626,'2020-09-01 08:50:00','2020-09-01 08:55:00',280),(6008,627,'2020-09-01 08:30:00','2020-09-01 08:35:00',280),(6008,628,'2020-09-01 08:10:00','2020-09-01 08:15:00',280),(6008,629,'2020-09-01 07:50:00','2020-09-01 07:55:00',280),(6008,630,'2020-09-01 07:30:00','2020-09-01 07:35:00',280),(6008,631,'2020-09-01 07:10:00','2020-09-01 07:15:00',280),(6008,632,'2020-09-01 06:50:00','2020-09-01 06:55:00',280),(6009,105,'2020-09-01 15:20:00','2020-09-01 15:25:00',280),(6009,112,'2020-09-01 13:00:00','2020-09-01 13:05:00',280),(6009,212,'2020-09-01 14:20:00','2020-09-01 14:25:00',280),(6009,316,'2020-09-01 10:40:00','2020-09-01 10:45:00',280),(6009,319,'2020-09-01 11:00:00','2020-09-01 11:05:00',280),(6009,502,'2020-09-01 16:00:00','2020-09-01 16:05:00',280),(6009,509,'2020-09-01 12:40:00','2020-09-01 12:45:00',280),(6009,601,'2020-09-01 17:20:00','2020-09-01 17:25:00',280),(6009,602,'2020-09-01 17:00:00','2020-09-01 17:05:00',280),(6009,603,'2020-09-01 16:40:00','2020-09-01 16:45:00',280),(6009,604,'2020-09-01 16:20:00','2020-09-01 16:25:00',280),(6009,606,'2020-09-01 15:40:00','2020-09-01 15:45:00',280),(6009,608,'2020-09-01 14:40:00','2020-09-01 14:45:00',280),(6009,609,'2020-09-01 15:00:00','2020-09-01 15:05:00',280),(6009,611,'2020-09-01 14:00:00','2020-09-01 14:05:00',280),(6009,612,'2020-09-01 13:40:00','2020-09-01 13:45:00',280),(6009,613,'2020-09-01 13:20:00','2020-09-01 13:25:00',280),(6009,616,'2020-09-01 12:20:00','2020-09-01 12:25:00',280),(6009,617,'2020-09-01 12:00:00','2020-09-01 12:05:00',280),(6009,618,'2020-09-01 11:40:00','2020-09-01 11:45:00',280),(6009,619,'2020-09-01 11:20:00','2020-09-01 11:25:00',280),(6009,622,'2020-09-01 10:20:00','2020-09-01 10:25:00',280),(6009,623,'2020-09-01 10:00:00','2020-09-01 10:05:00',280),(6009,624,'2020-09-01 09:40:00','2020-09-01 09:45:00',280),(6009,625,'2020-09-01 09:20:00','2020-09-01 09:25:00',280),(6009,626,'2020-09-01 09:00:00','2020-09-01 09:05:00',280),(6009,627,'2020-09-01 08:40:00','2020-09-01 08:45:00',280),(6009,628,'2020-09-01 08:20:00','2020-09-01 08:25:00',280),(6009,629,'2020-09-01 08:00:00','2020-09-01 08:05:00',280),(6009,630,'2020-09-01 07:40:00','2020-09-01 07:45:00',280),(6009,631,'2020-09-01 07:20:00','2020-09-01 07:25:00',280),(6009,632,'2020-09-01 07:00:00','2020-09-01 07:05:00',280),(6010,105,'2020-09-01 15:30:00','2020-09-01 15:35:00',280),(6010,112,'2020-09-01 13:10:00','2020-09-01 13:15:00',280),(6010,212,'2020-09-01 14:30:00','2020-09-01 14:35:00',280),(6010,316,'2020-09-01 10:50:00','2020-09-01 10:55:00',280),(6010,319,'2020-09-01 11:10:00','2020-09-01 11:15:00',280),(6010,502,'2020-09-01 16:10:00','2020-09-01 16:15:00',280),(6010,509,'2020-09-01 12:50:00','2020-09-01 12:55:00',280),(6010,601,'2020-09-01 17:30:00','2020-09-01 17:35:00',280),(6010,602,'2020-09-01 17:10:00','2020-09-01 17:15:00',280),(6010,603,'2020-09-01 16:50:00','2020-09-01 16:55:00',280),(6010,604,'2020-09-01 16:30:00','2020-09-01 16:35:00',280),(6010,606,'2020-09-01 15:50:00','2020-09-01 15:55:00',280),(6010,608,'2020-09-01 14:50:00','2020-09-01 14:55:00',280),(6010,609,'2020-09-01 15:10:00','2020-09-01 15:15:00',280),(6010,611,'2020-09-01 14:10:00','2020-09-01 14:15:00',280),(6010,612,'2020-09-01 13:50:00','2020-09-01 13:55:00',280),(6010,613,'2020-09-01 13:30:00','2020-09-01 13:35:00',280),(6010,616,'2020-09-01 12:30:00','2020-09-01 12:35:00',280),(6010,617,'2020-09-01 12:10:00','2020-09-01 12:15:00',280),(6010,618,'2020-09-01 11:50:00','2020-09-01 11:55:00',280),(6010,619,'2020-09-01 11:30:00','2020-09-01 11:35:00',280),(6010,622,'2020-09-01 10:30:00','2020-09-01 10:35:00',280),(6010,623,'2020-09-01 10:10:00','2020-09-01 10:15:00',280),(6010,624,'2020-09-01 09:50:00','2020-09-01 09:55:00',280),(6010,625,'2020-09-01 09:30:00','2020-09-01 09:35:00',280),(6010,626,'2020-09-01 09:10:00','2020-09-01 09:15:00',280),(6010,627,'2020-09-01 08:50:00','2020-09-01 08:55:00',280),(6010,628,'2020-09-01 08:30:00','2020-09-01 08:35:00',280),(6010,629,'2020-09-01 08:10:00','2020-09-01 08:15:00',280),(6010,630,'2020-09-01 07:50:00','2020-09-01 07:55:00',280),(6010,631,'2020-09-01 07:30:00','2020-09-01 07:35:00',280),(6010,632,'2020-09-01 07:10:00','2020-09-01 07:15:00',280),(7001,201,'2020-09-01 06:30:00','2020-09-01 06:35:00',250),(7001,202,'2020-09-01 06:50:00','2020-09-01 06:55:00',250),(7001,303,'2020-09-01 07:50:00','2020-09-01 07:55:00',250),(7001,418,'2020-09-01 09:10:00','2020-09-01 09:15:00',250),(7001,703,'2020-09-01 07:10:00','2020-09-01 07:15:00',250),(7001,704,'2020-09-01 07:30:00','2020-09-01 07:35:00',250),(7001,706,'2020-09-01 08:10:00','2020-09-01 08:15:00',250),(7001,707,'2020-09-01 08:30:00','2020-09-01 08:35:00',250),(7001,708,'2020-09-01 08:50:00','2020-09-01 08:55:00',250),(7002,201,'2020-09-01 06:40:00','2020-09-01 06:45:00',250),(7002,202,'2020-09-01 07:00:00','2020-09-01 07:05:00',250),(7002,303,'2020-09-01 08:00:00','2020-09-01 08:05:00',250),(7002,418,'2020-09-01 09:20:00','2020-09-01 09:25:00',250),(7002,703,'2020-09-01 07:20:00','2020-09-01 07:25:00',250),(7002,704,'2020-09-01 07:40:00','2020-09-01 07:45:00',250),(7002,706,'2020-09-01 08:20:00','2020-09-01 08:25:00',250),(7002,707,'2020-09-01 08:40:00','2020-09-01 08:45:00',250),(7002,708,'2020-09-01 09:00:00','2020-09-01 09:05:00',250),(7003,201,'2020-09-01 06:50:00','2020-09-01 06:55:00',250),(7003,202,'2020-09-01 07:10:00','2020-09-01 07:15:00',250),(7003,303,'2020-09-01 08:10:00','2020-09-01 08:15:00',250),(7003,418,'2020-09-01 09:30:00','2020-09-01 09:35:00',250),(7003,703,'2020-09-01 07:30:00','2020-09-01 07:35:00',250),(7003,704,'2020-09-01 07:50:00','2020-09-01 07:55:00',250),(7003,706,'2020-09-01 08:30:00','2020-09-01 08:35:00',250),(7003,707,'2020-09-01 08:50:00','2020-09-01 08:55:00',250),(7003,708,'2020-09-01 09:10:00','2020-09-01 09:15:00',250),(7004,201,'2020-09-01 07:00:00','2020-09-01 07:05:00',250),(7004,202,'2020-09-01 07:20:00','2020-09-01 07:25:00',250),(7004,303,'2020-09-01 08:20:00','2020-09-01 08:25:00',250),(7004,418,'2020-09-01 09:40:00','2020-09-01 09:45:00',250),(7004,703,'2020-09-01 07:40:00','2020-09-01 07:45:00',250),(7004,704,'2020-09-01 08:00:00','2020-09-01 08:05:00',250),(7004,706,'2020-09-01 08:40:00','2020-09-01 08:45:00',250),(7004,707,'2020-09-01 09:00:00','2020-09-01 09:05:00',250),(7004,708,'2020-09-01 09:20:00','2020-09-01 09:25:00',250),(7005,201,'2020-09-01 07:10:00','2020-09-01 07:15:00',250),(7005,202,'2020-09-01 07:30:00','2020-09-01 07:35:00',250),(7005,303,'2020-09-01 08:30:00','2020-09-01 08:35:00',250),(7005,418,'2020-09-01 09:50:00','2020-09-01 09:55:00',250),(7005,703,'2020-09-01 07:50:00','2020-09-01 07:55:00',250),(7005,704,'2020-09-01 08:10:00','2020-09-01 08:15:00',250),(7005,706,'2020-09-01 08:50:00','2020-09-01 08:55:00',250),(7005,707,'2020-09-01 09:10:00','2020-09-01 09:15:00',250),(7005,708,'2020-09-01 09:30:00','2020-09-01 09:35:00',250),(7006,201,'2020-09-01 09:10:00','2020-09-01 09:15:00',250),(7006,202,'2020-09-01 08:50:00','2020-09-01 08:55:00',250),(7006,303,'2020-09-01 07:50:00','2020-09-01 07:55:00',250),(7006,418,'2020-09-01 06:30:00','2020-09-01 06:35:00',250),(7006,703,'2020-09-01 08:30:00','2020-09-01 08:35:00',250),(7006,704,'2020-09-01 08:10:00','2020-09-01 08:15:00',250),(7006,706,'2020-09-01 07:30:00','2020-09-01 07:35:00',250),(7006,707,'2020-09-01 07:10:00','2020-09-01 07:15:00',250),(7006,708,'2020-09-01 06:50:00','2020-09-01 06:55:00',250),(7007,201,'2020-09-01 09:20:00','2020-09-01 09:25:00',250),(7007,202,'2020-09-01 09:00:00','2020-09-01 09:05:00',250),(7007,303,'2020-09-01 08:00:00','2020-09-01 08:05:00',250),(7007,418,'2020-09-01 06:40:00','2020-09-01 06:45:00',250),(7007,703,'2020-09-01 08:40:00','2020-09-01 08:45:00',250),(7007,704,'2020-09-01 08:20:00','2020-09-01 08:25:00',250),(7007,706,'2020-09-01 07:40:00','2020-09-01 07:45:00',250),(7007,707,'2020-09-01 07:20:00','2020-09-01 07:25:00',250),(7007,708,'2020-09-01 07:00:00','2020-09-01 07:05:00',250),(7008,201,'2020-09-01 09:30:00','2020-09-01 09:35:00',250),(7008,202,'2020-09-01 09:10:00','2020-09-01 09:15:00',250),(7008,303,'2020-09-01 08:10:00','2020-09-01 08:15:00',250),(7008,418,'2020-09-01 06:50:00','2020-09-01 06:55:00',250),(7008,703,'2020-09-01 08:50:00','2020-09-01 08:55:00',250),(7008,704,'2020-09-01 08:30:00','2020-09-01 08:35:00',250),(7008,706,'2020-09-01 07:50:00','2020-09-01 07:55:00',250),(7008,707,'2020-09-01 07:30:00','2020-09-01 07:35:00',250),(7008,708,'2020-09-01 07:10:00','2020-09-01 07:15:00',250),(7009,201,'2020-09-01 09:40:00','2020-09-01 09:45:00',250),(7009,202,'2020-09-01 09:20:00','2020-09-01 09:25:00',250),(7009,303,'2020-09-01 08:20:00','2020-09-01 08:25:00',250),(7009,418,'2020-09-01 07:00:00','2020-09-01 07:05:00',250),(7009,703,'2020-09-01 09:00:00','2020-09-01 09:05:00',250),(7009,704,'2020-09-01 08:40:00','2020-09-01 08:45:00',250),(7009,706,'2020-09-01 08:00:00','2020-09-01 08:05:00',250),(7009,707,'2020-09-01 07:40:00','2020-09-01 07:45:00',250),(7009,708,'2020-09-01 07:20:00','2020-09-01 07:25:00',250),(7010,201,'2020-09-01 09:50:00','2020-09-01 09:55:00',250),(7010,202,'2020-09-01 09:30:00','2020-09-01 09:35:00',250),(7010,303,'2020-09-01 08:30:00','2020-09-01 08:35:00',250),(7010,418,'2020-09-01 07:10:00','2020-09-01 07:15:00',250),(7010,703,'2020-09-01 09:10:00','2020-09-01 09:15:00',250),(7010,704,'2020-09-01 08:50:00','2020-09-01 08:55:00',250),(7010,706,'2020-09-01 08:10:00','2020-09-01 08:15:00',250),(7010,707,'2020-09-01 07:50:00','2020-09-01 07:55:00',250),(7010,708,'2020-09-01 07:30:00','2020-09-01 07:35:00',250),(8001,209,'2020-09-01 08:10:00','2020-09-01 08:15:00',280),(8001,308,'2020-09-01 09:30:00','2020-09-01 09:35:00',280),(8001,421,'2020-09-01 11:10:00','2020-09-01 11:15:00',280),(8001,608,'2020-09-01 06:30:00','2020-09-01 06:35:00',280),(8001,815,'2020-09-01 06:50:00','2020-09-01 06:55:00',280),(8001,816,'2020-09-01 07:10:00','2020-09-01 07:15:00',280),(8001,817,'2020-09-01 07:30:00','2020-09-01 07:35:00',280),(8001,818,'2020-09-01 07:50:00','2020-09-01 07:55:00',280),(8001,820,'2020-09-01 08:30:00','2020-09-01 08:35:00',280),(8001,821,'2020-09-01 08:50:00','2020-09-01 08:55:00',280),(8001,822,'2020-09-01 09:10:00','2020-09-01 09:15:00',280),(8001,824,'2020-09-01 09:50:00','2020-09-01 09:55:00',280),(8001,825,'2020-09-01 10:10:00','2020-09-01 10:15:00',280),(8001,826,'2020-09-01 10:30:00','2020-09-01 10:35:00',280),(8001,827,'2020-09-01 10:50:00','2020-09-01 10:55:00',280),(8002,209,'2020-09-01 08:20:00','2020-09-01 08:25:00',280),(8002,308,'2020-09-01 09:40:00','2020-09-01 09:45:00',280),(8002,421,'2020-09-01 11:20:00','2020-09-01 11:25:00',280),(8002,608,'2020-09-01 06:40:00','2020-09-01 06:45:00',280),(8002,815,'2020-09-01 07:00:00','2020-09-01 07:05:00',280),(8002,816,'2020-09-01 07:20:00','2020-09-01 07:25:00',280),(8002,817,'2020-09-01 07:40:00','2020-09-01 07:45:00',280),(8002,818,'2020-09-01 08:00:00','2020-09-01 08:05:00',280),(8002,820,'2020-09-01 08:40:00','2020-09-01 08:45:00',280),(8002,821,'2020-09-01 09:00:00','2020-09-01 09:05:00',280),(8002,822,'2020-09-01 09:20:00','2020-09-01 09:25:00',280),(8002,824,'2020-09-01 10:00:00','2020-09-01 10:05:00',280),(8002,825,'2020-09-01 10:20:00','2020-09-01 10:25:00',280),(8002,826,'2020-09-01 10:40:00','2020-09-01 10:45:00',280),(8002,827,'2020-09-01 11:00:00','2020-09-01 11:05:00',280),(8003,209,'2020-09-01 08:30:00','2020-09-01 08:35:00',280),(8003,308,'2020-09-01 09:50:00','2020-09-01 09:55:00',280),(8003,421,'2020-09-01 11:30:00','2020-09-01 11:35:00',280),(8003,608,'2020-09-01 06:50:00','2020-09-01 06:55:00',280),(8003,815,'2020-09-01 07:10:00','2020-09-01 07:15:00',280),(8003,816,'2020-09-01 07:30:00','2020-09-01 07:35:00',280),(8003,817,'2020-09-01 07:50:00','2020-09-01 07:55:00',280),(8003,818,'2020-09-01 08:10:00','2020-09-01 08:15:00',280),(8003,820,'2020-09-01 08:50:00','2020-09-01 08:55:00',280),(8003,821,'2020-09-01 09:10:00','2020-09-01 09:15:00',280),(8003,822,'2020-09-01 09:30:00','2020-09-01 09:35:00',280),(8003,824,'2020-09-01 10:10:00','2020-09-01 10:15:00',280),(8003,825,'2020-09-01 10:30:00','2020-09-01 10:35:00',280),(8003,826,'2020-09-01 10:50:00','2020-09-01 10:55:00',280),(8003,827,'2020-09-01 11:10:00','2020-09-01 11:15:00',280),(8004,209,'2020-09-01 08:40:00','2020-09-01 08:45:00',280),(8004,308,'2020-09-01 10:00:00','2020-09-01 10:05:00',280),(8004,421,'2020-09-01 11:40:00','2020-09-01 11:45:00',280),(8004,608,'2020-09-01 07:00:00','2020-09-01 07:05:00',280),(8004,815,'2020-09-01 07:20:00','2020-09-01 07:25:00',280),(8004,816,'2020-09-01 07:40:00','2020-09-01 07:45:00',280),(8004,817,'2020-09-01 08:00:00','2020-09-01 08:05:00',280),(8004,818,'2020-09-01 08:20:00','2020-09-01 08:25:00',280),(8004,820,'2020-09-01 09:00:00','2020-09-01 09:05:00',280),(8004,821,'2020-09-01 09:20:00','2020-09-01 09:25:00',280),(8004,822,'2020-09-01 09:40:00','2020-09-01 09:45:00',280),(8004,824,'2020-09-01 10:20:00','2020-09-01 10:25:00',280),(8004,825,'2020-09-01 10:40:00','2020-09-01 10:45:00',280),(8004,826,'2020-09-01 11:00:00','2020-09-01 11:05:00',280),(8004,827,'2020-09-01 11:20:00','2020-09-01 11:25:00',280),(8005,209,'2020-09-01 08:50:00','2020-09-01 08:55:00',280),(8005,308,'2020-09-01 10:10:00','2020-09-01 10:15:00',280),(8005,421,'2020-09-01 11:50:00','2020-09-01 11:55:00',280),(8005,608,'2020-09-01 07:10:00','2020-09-01 07:15:00',280),(8005,815,'2020-09-01 07:30:00','2020-09-01 07:35:00',280),(8005,816,'2020-09-01 07:50:00','2020-09-01 07:55:00',280),(8005,817,'2020-09-01 08:10:00','2020-09-01 08:15:00',280),(8005,818,'2020-09-01 08:30:00','2020-09-01 08:35:00',280),(8005,820,'2020-09-01 09:10:00','2020-09-01 09:15:00',280),(8005,821,'2020-09-01 09:30:00','2020-09-01 09:35:00',280),(8005,822,'2020-09-01 09:50:00','2020-09-01 09:55:00',280),(8005,824,'2020-09-01 10:30:00','2020-09-01 10:35:00',280),(8005,825,'2020-09-01 10:50:00','2020-09-01 10:55:00',280),(8005,826,'2020-09-01 11:10:00','2020-09-01 11:15:00',280),(8005,827,'2020-09-01 11:30:00','2020-09-01 11:35:00',280),(8006,209,'2020-09-01 09:30:00','2020-09-01 09:35:00',280),(8006,308,'2020-09-01 08:10:00','2020-09-01 08:15:00',280),(8006,421,'2020-09-01 06:30:00','2020-09-01 06:35:00',280),(8006,608,'2020-09-01 11:10:00','2020-09-01 11:15:00',280),(8006,815,'2020-09-01 10:50:00','2020-09-01 10:55:00',280),(8006,816,'2020-09-01 10:30:00','2020-09-01 10:35:00',280),(8006,817,'2020-09-01 10:10:00','2020-09-01 10:15:00',280),(8006,818,'2020-09-01 09:50:00','2020-09-01 09:55:00',280),(8006,820,'2020-09-01 09:10:00','2020-09-01 09:15:00',280),(8006,821,'2020-09-01 08:50:00','2020-09-01 08:55:00',280),(8006,822,'2020-09-01 08:30:00','2020-09-01 08:35:00',280),(8006,824,'2020-09-01 07:50:00','2020-09-01 07:55:00',280),(8006,825,'2020-09-01 07:30:00','2020-09-01 07:35:00',280),(8006,826,'2020-09-01 07:10:00','2020-09-01 07:15:00',280),(8006,827,'2020-09-01 06:50:00','2020-09-01 06:55:00',280),(8007,209,'2020-09-01 09:40:00','2020-09-01 09:45:00',280),(8007,308,'2020-09-01 08:20:00','2020-09-01 08:25:00',280),(8007,421,'2020-09-01 06:40:00','2020-09-01 06:45:00',280),(8007,608,'2020-09-01 11:20:00','2020-09-01 11:25:00',280),(8007,815,'2020-09-01 11:00:00','2020-09-01 11:05:00',280),(8007,816,'2020-09-01 10:40:00','2020-09-01 10:45:00',280),(8007,817,'2020-09-01 10:20:00','2020-09-01 10:25:00',280),(8007,818,'2020-09-01 10:00:00','2020-09-01 10:05:00',280),(8007,820,'2020-09-01 09:20:00','2020-09-01 09:25:00',280),(8007,821,'2020-09-01 09:00:00','2020-09-01 09:05:00',280),(8007,822,'2020-09-01 08:40:00','2020-09-01 08:45:00',280),(8007,824,'2020-09-01 08:00:00','2020-09-01 08:05:00',280),(8007,825,'2020-09-01 07:40:00','2020-09-01 07:45:00',280),(8007,826,'2020-09-01 07:20:00','2020-09-01 07:25:00',280),(8007,827,'2020-09-01 07:00:00','2020-09-01 07:05:00',280),(8008,209,'2020-09-01 09:50:00','2020-09-01 09:55:00',280),(8008,308,'2020-09-01 08:30:00','2020-09-01 08:35:00',280),(8008,421,'2020-09-01 06:50:00','2020-09-01 06:55:00',280),(8008,608,'2020-09-01 11:30:00','2020-09-01 11:35:00',280),(8008,815,'2020-09-01 11:10:00','2020-09-01 11:15:00',280),(8008,816,'2020-09-01 10:50:00','2020-09-01 10:55:00',280),(8008,817,'2020-09-01 10:30:00','2020-09-01 10:35:00',280),(8008,818,'2020-09-01 10:10:00','2020-09-01 10:15:00',280),(8008,820,'2020-09-01 09:30:00','2020-09-01 09:35:00',280),(8008,821,'2020-09-01 09:10:00','2020-09-01 09:15:00',280),(8008,822,'2020-09-01 08:50:00','2020-09-01 08:55:00',280),(8008,824,'2020-09-01 08:10:00','2020-09-01 08:15:00',280),(8008,825,'2020-09-01 07:50:00','2020-09-01 07:55:00',280),(8008,826,'2020-09-01 07:30:00','2020-09-01 07:35:00',280),(8008,827,'2020-09-01 07:10:00','2020-09-01 07:15:00',280),(8009,209,'2020-09-01 10:00:00','2020-09-01 10:05:00',280),(8009,308,'2020-09-01 08:40:00','2020-09-01 08:45:00',280),(8009,421,'2020-09-01 07:00:00','2020-09-01 07:05:00',280),(8009,608,'2020-09-01 11:40:00','2020-09-01 11:45:00',280),(8009,815,'2020-09-01 11:20:00','2020-09-01 11:25:00',280),(8009,816,'2020-09-01 11:00:00','2020-09-01 11:05:00',280),(8009,817,'2020-09-01 10:40:00','2020-09-01 10:45:00',280),(8009,818,'2020-09-01 10:20:00','2020-09-01 10:25:00',280),(8009,820,'2020-09-01 09:40:00','2020-09-01 09:45:00',280),(8009,821,'2020-09-01 09:20:00','2020-09-01 09:25:00',280),(8009,822,'2020-09-01 09:00:00','2020-09-01 09:05:00',280),(8009,824,'2020-09-01 08:20:00','2020-09-01 08:25:00',280),(8009,825,'2020-09-01 08:00:00','2020-09-01 08:05:00',280),(8009,826,'2020-09-01 07:40:00','2020-09-01 07:45:00',280),(8009,827,'2020-09-01 07:20:00','2020-09-01 07:25:00',280),(8010,209,'2020-09-01 10:10:00','2020-09-01 10:15:00',280),(8010,308,'2020-09-01 08:50:00','2020-09-01 08:55:00',280),(8010,421,'2020-09-01 07:10:00','2020-09-01 07:15:00',280),(8010,608,'2020-09-01 11:50:00','2020-09-01 11:55:00',280),(8010,815,'2020-09-01 11:30:00','2020-09-01 11:35:00',280),(8010,816,'2020-09-01 11:10:00','2020-09-01 11:15:00',280),(8010,817,'2020-09-01 10:50:00','2020-09-01 10:55:00',280),(8010,818,'2020-09-01 10:30:00','2020-09-01 10:35:00',280),(8010,820,'2020-09-01 09:50:00','2020-09-01 09:55:00',280),(8010,821,'2020-09-01 09:30:00','2020-09-01 09:35:00',280),(8010,822,'2020-09-01 09:10:00','2020-09-01 09:15:00',280),(8010,824,'2020-09-01 08:30:00','2020-09-01 08:35:00',280),(8010,825,'2020-09-01 08:10:00','2020-09-01 08:15:00',280),(8010,826,'2020-09-01 07:50:00','2020-09-01 07:55:00',280),(8010,827,'2020-09-01 07:30:00','2020-09-01 07:35:00',280),(9001,114,'2020-09-01 06:30:00','2020-09-01 06:35:00',250),(9001,116,'2020-09-01 07:10:00','2020-09-01 07:15:00',250),(9001,224,'2020-09-01 09:30:00','2020-09-01 09:35:00',250),(9001,317,'2020-09-01 06:50:00','2020-09-01 06:55:00',250),(9001,319,'2020-09-01 07:30:00','2020-09-01 07:35:00',250),(9001,320,'2020-09-01 07:50:00','2020-09-01 07:55:00',250),(9001,321,'2020-09-01 08:10:00','2020-09-01 08:15:00',250),(9001,322,'2020-09-01 08:30:00','2020-09-01 08:35:00',250),(9001,323,'2020-09-01 08:50:00','2020-09-01 08:55:00',250),(9001,324,'2020-09-01 09:10:00','2020-09-01 09:15:00',250),(9001,326,'2020-09-01 09:50:00','2020-09-01 09:55:00',250),(9001,327,'2020-09-01 10:10:00','2020-09-01 10:15:00',250),(9001,328,'2020-09-01 10:30:00','2020-09-01 10:35:00',250),(9001,329,'2020-09-01 10:50:00','2020-09-01 10:55:00',250),(9001,330,'2020-09-01 11:10:00','2020-09-01 11:15:00',250),(9002,114,'2020-09-01 06:40:00','2020-09-01 06:45:00',250),(9002,116,'2020-09-01 07:20:00','2020-09-01 07:25:00',250),(9002,224,'2020-09-01 09:40:00','2020-09-01 09:45:00',250),(9002,317,'2020-09-01 07:00:00','2020-09-01 07:05:00',250),(9002,319,'2020-09-01 07:40:00','2020-09-01 07:45:00',250),(9002,320,'2020-09-01 08:00:00','2020-09-01 08:05:00',250),(9002,321,'2020-09-01 08:20:00','2020-09-01 08:25:00',250),(9002,322,'2020-09-01 08:40:00','2020-09-01 08:45:00',250),(9002,323,'2020-09-01 09:00:00','2020-09-01 09:05:00',250),(9002,324,'2020-09-01 09:20:00','2020-09-01 09:25:00',250),(9002,326,'2020-09-01 10:00:00','2020-09-01 10:05:00',250),(9002,327,'2020-09-01 10:20:00','2020-09-01 10:25:00',250),(9002,328,'2020-09-01 10:40:00','2020-09-01 10:45:00',250),(9002,329,'2020-09-01 11:00:00','2020-09-01 11:05:00',250),(9002,330,'2020-09-01 11:20:00','2020-09-01 11:25:00',250),(9003,114,'2020-09-01 06:50:00','2020-09-01 06:55:00',250),(9003,116,'2020-09-01 07:30:00','2020-09-01 07:35:00',250),(9003,224,'2020-09-01 09:50:00','2020-09-01 09:55:00',250),(9003,317,'2020-09-01 07:10:00','2020-09-01 07:15:00',250),(9003,319,'2020-09-01 07:50:00','2020-09-01 07:55:00',250),(9003,320,'2020-09-01 08:10:00','2020-09-01 08:15:00',250),(9003,321,'2020-09-01 08:30:00','2020-09-01 08:35:00',250),(9003,322,'2020-09-01 08:50:00','2020-09-01 08:55:00',250),(9003,323,'2020-09-01 09:10:00','2020-09-01 09:15:00',250),(9003,324,'2020-09-01 09:30:00','2020-09-01 09:35:00',250),(9003,326,'2020-09-01 10:10:00','2020-09-01 10:15:00',250),(9003,327,'2020-09-01 10:30:00','2020-09-01 10:35:00',250),(9003,328,'2020-09-01 10:50:00','2020-09-01 10:55:00',250),(9003,329,'2020-09-01 11:10:00','2020-09-01 11:15:00',250),(9003,330,'2020-09-01 11:30:00','2020-09-01 11:35:00',250),(9004,114,'2020-09-01 07:00:00','2020-09-01 07:05:00',250),(9004,116,'2020-09-01 07:40:00','2020-09-01 07:45:00',250),(9004,224,'2020-09-01 10:00:00','2020-09-01 10:05:00',250),(9004,317,'2020-09-01 07:20:00','2020-09-01 07:25:00',250),(9004,319,'2020-09-01 08:00:00','2020-09-01 08:05:00',250),(9004,320,'2020-09-01 08:20:00','2020-09-01 08:25:00',250),(9004,321,'2020-09-01 08:40:00','2020-09-01 08:45:00',250),(9004,322,'2020-09-01 09:00:00','2020-09-01 09:05:00',250),(9004,323,'2020-09-01 09:20:00','2020-09-01 09:25:00',250),(9004,324,'2020-09-01 09:40:00','2020-09-01 09:45:00',250),(9004,326,'2020-09-01 10:20:00','2020-09-01 10:25:00',250),(9004,327,'2020-09-01 10:40:00','2020-09-01 10:45:00',250),(9004,328,'2020-09-01 11:00:00','2020-09-01 11:05:00',250),(9004,329,'2020-09-01 11:20:00','2020-09-01 11:25:00',250),(9004,330,'2020-09-01 11:40:00','2020-09-01 11:45:00',250),(9005,114,'2020-09-01 07:10:00','2020-09-01 07:15:00',250),(9005,116,'2020-09-01 07:50:00','2020-09-01 07:55:00',250),(9005,224,'2020-09-01 10:10:00','2020-09-01 10:15:00',250),(9005,317,'2020-09-01 07:30:00','2020-09-01 07:35:00',250),(9005,319,'2020-09-01 08:10:00','2020-09-01 08:15:00',250),(9005,320,'2020-09-01 08:30:00','2020-09-01 08:35:00',250),(9005,321,'2020-09-01 08:50:00','2020-09-01 08:55:00',250),(9005,322,'2020-09-01 09:10:00','2020-09-01 09:15:00',250),(9005,323,'2020-09-01 09:30:00','2020-09-01 09:35:00',250),(9005,324,'2020-09-01 09:50:00','2020-09-01 09:55:00',250),(9005,326,'2020-09-01 10:30:00','2020-09-01 10:35:00',250),(9005,327,'2020-09-01 10:50:00','2020-09-01 10:55:00',250),(9005,328,'2020-09-01 11:10:00','2020-09-01 11:15:00',250),(9005,329,'2020-09-01 11:30:00','2020-09-01 11:35:00',250),(9005,330,'2020-09-01 11:50:00','2020-09-01 11:55:00',250),(9006,114,'2020-09-01 11:10:00','2020-09-01 11:15:00',250),(9006,116,'2020-09-01 10:30:00','2020-09-01 10:35:00',250),(9006,224,'2020-09-01 08:10:00','2020-09-01 08:15:00',250),(9006,317,'2020-09-01 10:50:00','2020-09-01 10:55:00',250),(9006,319,'2020-09-01 10:10:00','2020-09-01 10:15:00',250),(9006,320,'2020-09-01 09:50:00','2020-09-01 09:55:00',250),(9006,321,'2020-09-01 09:30:00','2020-09-01 09:35:00',250),(9006,322,'2020-09-01 09:10:00','2020-09-01 09:15:00',250),(9006,323,'2020-09-01 08:50:00','2020-09-01 08:55:00',250),(9006,324,'2020-09-01 08:30:00','2020-09-01 08:35:00',250),(9006,326,'2020-09-01 07:50:00','2020-09-01 07:55:00',250),(9006,327,'2020-09-01 07:30:00','2020-09-01 07:35:00',250),(9006,328,'2020-09-01 07:10:00','2020-09-01 07:15:00',250),(9006,329,'2020-09-01 06:50:00','2020-09-01 06:55:00',250),(9006,330,'2020-09-01 06:30:00','2020-09-01 06:35:00',250),(9007,114,'2020-09-01 11:20:00','2020-09-01 11:25:00',250),(9007,116,'2020-09-01 10:40:00','2020-09-01 10:45:00',250),(9007,224,'2020-09-01 08:20:00','2020-09-01 08:25:00',250),(9007,317,'2020-09-01 11:00:00','2020-09-01 11:05:00',250),(9007,319,'2020-09-01 10:20:00','2020-09-01 10:25:00',250),(9007,320,'2020-09-01 10:00:00','2020-09-01 10:05:00',250),(9007,321,'2020-09-01 09:40:00','2020-09-01 09:45:00',250),(9007,322,'2020-09-01 09:20:00','2020-09-01 09:25:00',250),(9007,323,'2020-09-01 09:00:00','2020-09-01 09:05:00',250),(9007,324,'2020-09-01 08:40:00','2020-09-01 08:45:00',250),(9007,326,'2020-09-01 08:00:00','2020-09-01 08:05:00',250),(9007,327,'2020-09-01 07:40:00','2020-09-01 07:45:00',250),(9007,328,'2020-09-01 07:20:00','2020-09-01 07:25:00',250),(9007,329,'2020-09-01 07:00:00','2020-09-01 07:05:00',250),(9007,330,'2020-09-01 06:40:00','2020-09-01 06:45:00',250),(9008,114,'2020-09-01 11:30:00','2020-09-01 11:35:00',250),(9008,116,'2020-09-01 10:50:00','2020-09-01 10:55:00',250),(9008,224,'2020-09-01 08:30:00','2020-09-01 08:35:00',250),(9008,317,'2020-09-01 11:10:00','2020-09-01 11:15:00',250),(9008,319,'2020-09-01 10:30:00','2020-09-01 10:35:00',250),(9008,320,'2020-09-01 10:10:00','2020-09-01 10:15:00',250),(9008,321,'2020-09-01 09:50:00','2020-09-01 09:55:00',250),(9008,322,'2020-09-01 09:30:00','2020-09-01 09:35:00',250),(9008,323,'2020-09-01 09:10:00','2020-09-01 09:15:00',250),(9008,324,'2020-09-01 08:50:00','2020-09-01 08:55:00',250),(9008,326,'2020-09-01 08:10:00','2020-09-01 08:15:00',250),(9008,327,'2020-09-01 07:50:00','2020-09-01 07:55:00',250),(9008,328,'2020-09-01 07:30:00','2020-09-01 07:35:00',250),(9008,329,'2020-09-01 07:10:00','2020-09-01 07:15:00',250),(9008,330,'2020-09-01 06:50:00','2020-09-01 06:55:00',250),(9009,114,'2020-09-01 11:40:00','2020-09-01 11:45:00',250),(9009,116,'2020-09-01 11:00:00','2020-09-01 11:05:00',250),(9009,224,'2020-09-01 08:40:00','2020-09-01 08:45:00',250),(9009,317,'2020-09-01 11:20:00','2020-09-01 11:25:00',250),(9009,319,'2020-09-01 10:40:00','2020-09-01 10:45:00',250),(9009,320,'2020-09-01 10:20:00','2020-09-01 10:25:00',250),(9009,321,'2020-09-01 10:00:00','2020-09-01 10:05:00',250),(9009,322,'2020-09-01 09:40:00','2020-09-01 09:45:00',250),(9009,323,'2020-09-01 09:20:00','2020-09-01 09:25:00',250),(9009,324,'2020-09-01 09:00:00','2020-09-01 09:05:00',250),(9009,326,'2020-09-01 08:20:00','2020-09-01 08:25:00',250),(9009,327,'2020-09-01 08:00:00','2020-09-01 08:05:00',250),(9009,328,'2020-09-01 07:40:00','2020-09-01 07:45:00',250),(9009,329,'2020-09-01 07:20:00','2020-09-01 07:25:00',250),(9009,330,'2020-09-01 07:00:00','2020-09-01 07:05:00',250),(9010,114,'2020-09-01 11:50:00','2020-09-01 11:55:00',250),(9010,116,'2020-09-01 11:10:00','2020-09-01 11:15:00',250),(9010,224,'2020-09-01 08:50:00','2020-09-01 08:55:00',250),(9010,317,'2020-09-01 11:30:00','2020-09-01 11:35:00',250),(9010,319,'2020-09-01 10:50:00','2020-09-01 10:55:00',250),(9010,320,'2020-09-01 10:30:00','2020-09-01 10:35:00',250),(9010,321,'2020-09-01 10:10:00','2020-09-01 10:15:00',250),(9010,322,'2020-09-01 09:50:00','2020-09-01 09:55:00',250),(9010,323,'2020-09-01 09:30:00','2020-09-01 09:35:00',250),(9010,324,'2020-09-01 09:10:00','2020-09-01 09:15:00',250),(9010,326,'2020-09-01 08:30:00','2020-09-01 08:35:00',250),(9010,327,'2020-09-01 08:10:00','2020-09-01 08:15:00',250),(9010,328,'2020-09-01 07:50:00','2020-09-01 07:55:00',250),(9010,329,'2020-09-01 07:30:00','2020-09-01 07:35:00',250),(9010,330,'2020-09-01 07:10:00','2020-09-01 07:15:00',250);
/*!40000 ALTER TABLE `trainstation` ENABLE KEYS */;
UNLOCK TABLES;

--
-- Final view structure for view `remainticket`
--

/*!50001 DROP VIEW IF EXISTS `remainticket`*/;
/*!50001 SET @saved_cs_client          = @@character_set_client */;
/*!50001 SET @saved_cs_results         = @@character_set_results */;
/*!50001 SET @saved_col_connection     = @@collation_connection */;
/*!50001 SET character_set_client      = utf8mb4 */;
/*!50001 SET character_set_results     = utf8mb4 */;
/*!50001 SET collation_connection      = utf8mb4_0900_ai_ci */;
/*!50001 CREATE ALGORITHM=UNDEFINED */
/*!50013 DEFINER=`root`@`localhost` SQL SECURITY DEFINER */
/*!50001 VIEW `remainticket` AS select `x`.`trainid` AS `trainid`,`x`.`stationid` AS `enterstationid`,`y`.`stationid` AS `leavestationid`,min(`z`.`remainseat`) AS `remainticket` from ((`trainstation` `x` join `trainstation` `y`) join `trainstation` `z`) where ((`x`.`trainid` = `y`.`trainid`) and (`x`.`leavetime` < `y`.`arrivetime`) and (`z`.`trainid` = `y`.`trainid`) and (`z`.`arrivetime` >= `x`.`arrivetime`) and (`z`.`leavetime` < `y`.`arrivetime`)) group by `x`.`trainid`,`x`.`stationid`,`y`.`stationid` */;
/*!50001 SET character_set_client      = @saved_cs_client */;
/*!50001 SET character_set_results     = @saved_cs_results */;
/*!50001 SET collation_connection      = @saved_col_connection */;
/*!40103 SET TIME_ZONE=@OLD_TIME_ZONE */;

/*!40101 SET SQL_MODE=@OLD_SQL_MODE */;
/*!40014 SET FOREIGN_KEY_CHECKS=@OLD_FOREIGN_KEY_CHECKS */;
/*!40014 SET UNIQUE_CHECKS=@OLD_UNIQUE_CHECKS */;
/*!40101 SET CHARACTER_SET_CLIENT=@OLD_CHARACTER_SET_CLIENT */;
/*!40101 SET CHARACTER_SET_RESULTS=@OLD_CHARACTER_SET_RESULTS */;
/*!40101 SET COLLATION_CONNECTION=@OLD_COLLATION_CONNECTION */;
/*!40111 SET SQL_NOTES=@OLD_SQL_NOTES */;

-- Dump completed on 2020-08-25 10:51:44
